image_path,emotion
0.jpg,sad
1.jpg,neutral
2.jpg,sad
3.jpg,disgust
4.jpg,disgust
5.jpg,anger
6.jpg,anger
7.jpg,neutral
8.jpg,happy
9.jpg,happy
10.jpg,anger
11.jpg,contempt
12.jpg,contempt
13.jpg,happy
14.jpg,neutral
15.jpg,surprise
16.jpg,surprise
17.jpg,sad
18.jpg,fear
19.jpg,sad
20.jpg,neutral
21.jpg,neutral
22.jpg,anger
23.jpg,anger
24.jpg,disgust
25.jpg,neutral
26.jpg,surprise
27.jpg,anger
28.jpg,uncertain
29.jpg,anger
30.jpg,fear
31.jpg,surprise
32.jpg,neutral
33.jpg,surprise
34.jpg,neutral
35.jpg,neutral
36.jpg,sad
37.jpg,surprise
38.jpg,neutral
39.jpg,contempt
40.jpg,sad
41.jpg,fear
42.jpg,anger
43.jpg,anger
44.jpg,contempt
45.jpg,surprise
46.jpg,happy
47.jpg,anger
48.jpg,sad
49.jpg,happy
50.jpg,sad
51.jpg,uncertain
52.jpg,neutral
53.jpg,neutral
54.jpg,disgust
55.jpg,contempt
56.jpg,anger
57.jpg,anger
58.jpg,disgust
59.jpg,anger
60.jpg,happy
61.jpg,neutral
62.jpg,surprise
63.jpg,neutral
64.jpg,anger
65.jpg,sad
66.jpg,sad
67.jpg,happy
68.jpg,sad
69.jpg,uncertain
70.jpg,happy
71.jpg,neutral
72.jpg,anger
73.jpg,sad
74.jpg,anger
75.jpg,happy
76.jpg,fear
77.jpg,neutral
78.jpg,neutral
79.jpg,sad
80.jpg,sad
81.jpg,sad
82.jpg,surprise
83.jpg,anger
84.jpg,neutral
85.jpg,anger
86.jpg,surprise
87.jpg,surprise
88.jpg,neutral
89.jpg,fear
90.jpg,surprise
91.jpg,anger
92.jpg,neutral
93.jpg,disgust
94.jpg,sad
95.jpg,surprise
96.jpg,neutral
97.jpg,anger
98.jpg,anger
99.jpg,anger
100.jpg,surprise
101.jpg,fear
102.jpg,happy
103.jpg,surprise
104.jpg,anger
105.jpg,sad
106.jpg,sad
107.jpg,disgust
108.jpg,anger
109.jpg,disgust
110.jpg,fear
111.jpg,disgust
112.jpg,surprise
113.jpg,surprise
114.jpg,happy
115.jpg,disgust
116.jpg,contempt
117.jpg,happy
118.jpg,anger
119.jpg,happy
120.jpg,happy
121.jpg,anger
122.jpg,sad
123.jpg,neutral
124.jpg,happy
125.jpg,uncertain
126.jpg,neutral
127.jpg,neutral
128.jpg,uncertain
129.jpg,sad
130.jpg,sad
131.jpg,sad
132.jpg,happy
133.jpg,sad
134.jpg,surprise
135.jpg,surprise
136.jpg,happy
137.jpg,sad
138.jpg,surprise
139.jpg,anger
140.jpg,sad
141.jpg,uncertain
142.jpg,uncertain
143.jpg,neutral
144.jpg,anger
145.jpg,surprise
146.jpg,surprise
147.jpg,anger
148.jpg,uncertain
149.jpg,anger
150.jpg,surprise
151.jpg,uncertain
152.jpg,fear
153.jpg,sad
154.jpg,happy
155.jpg,anger
156.jpg,sad
157.jpg,sad
158.jpg,sad
159.jpg,anger
160.jpg,happy
161.jpg,surprise
162.jpg,contempt
163.jpg,anger
164.jpg,anger
165.jpg,sad
166.jpg,disgust
167.jpg,fear
168.jpg,neutral
169.jpg,happy
170.jpg,anger
171.jpg,neutral
172.jpg,neutral
173.jpg,anger
174.jpg,anger
175.jpg,anger
176.jpg,uncertain
177.jpg,anger
178.jpg,disgust
179.jpg,surprise
180.jpg,uncertain
181.jpg,surprise
182.jpg,happy
183.jpg,anger
184.jpg,neutral
185.jpg,surprise
186.jpg,anger
187.jpg,surprise
188.jpg,uncertain
189.jpg,contempt
190.jpg,anger
191.jpg,fear
192.jpg,uncertain
193.jpg,fear
194.jpg,happy
195.jpg,uncertain
196.jpg,disgust
197.jpg,neutral
198.jpg,neutral
199.jpg,surprise
200.jpg,surprise
201.jpg,sad
202.jpg,sad
203.jpg,sad
204.jpg,disgust
205.jpg,happy
206.jpg,happy
207.jpg,contempt
208.jpg,surprise
209.jpg,neutral
210.jpg,anger
211.jpg,neutral
212.jpg,sad
213.jpg,sad
214.jpg,surprise
215.jpg,anger
216.jpg,happy
217.jpg,neutral
218.jpg,sad
219.jpg,anger
220.jpg,surprise
221.jpg,contempt
222.jpg,uncertain
223.jpg,sad
224.jpg,fear
225.jpg,sad
226.jpg,neutral
227.jpg,sad
228.jpg,anger
229.jpg,sad
230.jpg,surprise
231.jpg,sad
232.jpg,anger
233.jpg,uncertain
234.jpg,anger
235.jpg,anger
236.jpg,anger
237.jpg,anger
238.jpg,contempt
239.jpg,disgust
240.jpg,contempt
241.jpg,disgust
242.jpg,sad
243.jpg,surprise
244.jpg,disgust
245.jpg,sad
246.jpg,happy
247.jpg,surprise
248.jpg,surprise
249.jpg,neutral
250.jpg,fear
251.jpg,uncertain
252.jpg,fear
253.jpg,disgust
254.jpg,happy
255.jpg,happy
256.jpg,sad
257.jpg,happy
258.jpg,anger
259.jpg,neutral
260.jpg,fear
261.jpg,neutral
262.jpg,uncertain
263.jpg,anger
264.jpg,neutral
265.jpg,sad
266.jpg,neutral
267.jpg,anger
268.jpg,surprise
269.jpg,anger
270.jpg,anger
271.jpg,anger
272.jpg,surprise
273.jpg,anger
274.jpg,happy
275.jpg,fear
276.jpg,fear
277.jpg,neutral
278.jpg,sad
279.jpg,sad
280.jpg,surprise
281.jpg,disgust
282.jpg,sad
283.jpg,surprise
284.jpg,sad
285.jpg,surprise
286.jpg,uncertain
287.jpg,sad
288.jpg,happy
289.jpg,anger
290.jpg,surprise
291.jpg,disgust
292.jpg,happy
293.jpg,happy
294.jpg,sad
295.jpg,sad
296.jpg,happy
297.jpg,fear
298.jpg,surprise
299.jpg,anger
300.jpg,anger
301.jpg,fear
302.jpg,uncertain
303.jpg,fear
304.jpg,fear
305.jpg,surprise
306.jpg,contempt
307.jpg,neutral
308.jpg,anger
309.jpg,happy
310.jpg,sad
311.jpg,neutral
312.jpg,happy
313.jpg,surprise
314.jpg,fear
315.jpg,contempt
316.jpg,anger
317.jpg,sad
318.jpg,uncertain
319.jpg,sad
320.jpg,surprise
321.jpg,sad
322.jpg,happy
323.jpg,anger
324.jpg,neutral
325.jpg,happy
326.jpg,contempt
327.jpg,sad
328.jpg,happy
329.jpg,surprise
330.jpg,uncertain
331.jpg,anger
332.jpg,surprise
333.jpg,disgust
334.jpg,anger
335.jpg,anger
336.jpg,contempt
337.jpg,anger
338.jpg,anger
339.jpg,sad
340.jpg,surprise
341.jpg,uncertain
342.jpg,anger
343.jpg,contempt
344.jpg,sad
345.jpg,disgust
346.jpg,fear
347.jpg,contempt
348.jpg,happy
349.jpg,happy
350.jpg,sad
351.jpg,surprise
352.jpg,neutral
353.jpg,disgust
354.jpg,sad
355.jpg,anger
356.jpg,fear
357.jpg,anger
358.jpg,disgust
359.jpg,happy
360.jpg,anger
361.jpg,sad
362.jpg,neutral
363.jpg,happy
364.jpg,anger
365.jpg,sad
366.jpg,sad
367.jpg,anger
368.jpg,anger
369.jpg,uncertain
370.jpg,fear
371.jpg,sad
372.jpg,disgust
373.jpg,happy
374.jpg,happy
375.jpg,fear
376.jpg,sad
377.jpg,sad
378.jpg,neutral
379.jpg,surprise
380.jpg,uncertain
381.jpg,sad
382.jpg,contempt
383.jpg,happy
384.jpg,disgust
385.jpg,sad
386.jpg,sad
387.jpg,uncertain
388.jpg,sad
389.jpg,anger
390.jpg,surprise
391.jpg,uncertain
392.jpg,sad
393.jpg,anger
394.jpg,neutral
395.jpg,surprise
396.jpg,fear
397.jpg,surprise
398.jpg,neutral
399.jpg,sad
400.jpg,anger
401.jpg,fear
402.jpg,neutral
403.jpg,sad
404.jpg,sad
405.jpg,happy
406.jpg,happy
407.jpg,happy
408.jpg,contempt
409.jpg,uncertain
410.jpg,disgust
411.jpg,anger
412.jpg,surprise
413.jpg,contempt
414.jpg,anger
415.jpg,surprise
416.jpg,sad
417.jpg,fear
418.jpg,neutral
419.jpg,neutral
420.jpg,sad
421.jpg,neutral
422.jpg,happy
423.jpg,fear
424.jpg,happy
425.jpg,sad
426.jpg,anger
427.jpg,sad
428.jpg,surprise
429.jpg,anger
430.jpg,happy
431.jpg,anger
432.jpg,uncertain
433.jpg,contempt
434.jpg,happy
435.jpg,neutral
436.jpg,surprise
437.jpg,anger
438.jpg,anger
439.jpg,neutral
440.jpg,anger
441.jpg,disgust
442.jpg,neutral
443.jpg,fear
444.jpg,fear
445.jpg,fear
446.jpg,happy
447.jpg,uncertain
448.jpg,fear
449.jpg,fear
450.jpg,neutral
451.jpg,sad
452.jpg,fear
453.jpg,fear
454.jpg,uncertain
455.jpg,anger
456.jpg,happy
457.jpg,surprise
458.jpg,sad
459.jpg,uncertain
460.jpg,sad
461.jpg,anger
462.jpg,fear
463.jpg,anger
464.jpg,uncertain
465.jpg,sad
466.jpg,neutral
467.jpg,anger
468.jpg,happy
469.jpg,fear
470.jpg,uncertain
471.jpg,neutral
472.jpg,anger
473.jpg,fear
474.jpg,disgust
475.jpg,neutral
476.jpg,sad
477.jpg,sad
478.jpg,uncertain
479.jpg,anger
480.jpg,uncertain
481.jpg,surprise
482.jpg,anger
483.jpg,sad
484.jpg,surprise
485.jpg,happy
486.jpg,anger
487.jpg,surprise
488.jpg,uncertain
489.jpg,anger
490.jpg,disgust
491.jpg,fear
492.jpg,happy
493.jpg,anger
494.jpg,anger
495.jpg,happy
496.jpg,anger
497.jpg,anger
498.jpg,fear
499.jpg,sad
500.jpg,happy
501.jpg,uncertain
502.jpg,anger
503.jpg,anger
504.jpg,fear
505.jpg,contempt
506.jpg,fear
507.jpg,contempt
508.jpg,anger
509.jpg,surprise
510.jpg,surprise
511.jpg,contempt
512.jpg,happy
513.jpg,surprise
514.jpg,sad
515.jpg,disgust
516.jpg,surprise
517.jpg,anger
518.jpg,anger
519.jpg,surprise
520.jpg,surprise
521.jpg,surprise
522.jpg,happy
523.jpg,neutral
524.jpg,happy
525.jpg,anger
526.jpg,fear
527.jpg,sad
528.jpg,sad
529.jpg,uncertain
530.jpg,sad
531.jpg,disgust
532.jpg,sad
533.jpg,anger
534.jpg,sad
535.jpg,fear
536.jpg,uncertain
537.jpg,sad
538.jpg,contempt
539.jpg,disgust
540.jpg,fear
541.jpg,anger
542.jpg,fear
543.jpg,sad
544.jpg,surprise
545.jpg,neutral
546.jpg,surprise
547.jpg,surprise
548.jpg,sad
549.jpg,uncertain
550.jpg,sad
551.jpg,happy
552.jpg,disgust
553.jpg,uncertain
554.jpg,neutral
555.jpg,anger
556.jpg,anger
557.jpg,contempt
558.jpg,anger
559.jpg,sad
560.jpg,surprise
561.jpg,neutral
562.jpg,anger
563.jpg,disgust
564.jpg,disgust
565.jpg,happy
566.jpg,neutral
567.jpg,uncertain
568.jpg,neutral
569.jpg,surprise
570.jpg,contempt
571.jpg,disgust
572.jpg,surprise
573.jpg,happy
574.jpg,anger
575.jpg,disgust
576.jpg,disgust
577.jpg,surprise
578.jpg,sad
579.jpg,uncertain
580.jpg,anger
581.jpg,anger
582.jpg,disgust
583.jpg,surprise
584.jpg,happy
585.jpg,uncertain
586.jpg,fear
587.jpg,happy
588.jpg,contempt
589.jpg,sad
590.jpg,sad
591.jpg,anger
592.jpg,uncertain
593.jpg,happy
594.jpg,disgust
595.jpg,uncertain
596.jpg,sad
597.jpg,contempt
598.jpg,disgust
599.jpg,happy
600.jpg,surprise
601.jpg,surprise
602.jpg,anger
603.jpg,anger
604.jpg,surprise
605.jpg,sad
606.jpg,anger
607.jpg,anger
608.jpg,fear
609.jpg,uncertain
610.jpg,anger
611.jpg,surprise
612.jpg,surprise
613.jpg,anger
614.jpg,surprise
615.jpg,happy
616.jpg,fear
617.jpg,neutral
618.jpg,anger
619.jpg,disgust
620.jpg,surprise
621.jpg,fear
622.jpg,anger
623.jpg,neutral
624.jpg,surprise
625.jpg,surprise
626.jpg,neutral
627.jpg,anger
628.jpg,surprise
629.jpg,anger
630.jpg,disgust
631.jpg,anger
632.jpg,anger
633.jpg,fear
634.jpg,happy
635.jpg,contempt
636.jpg,happy
637.jpg,surprise
638.jpg,uncertain
639.jpg,fear
640.jpg,sad
641.jpg,surprise
642.jpg,anger
643.jpg,happy
644.jpg,surprise
645.jpg,anger
646.jpg,neutral
647.jpg,anger
648.jpg,happy
649.jpg,surprise
650.jpg,sad
651.jpg,neutral
652.jpg,uncertain
653.jpg,anger
654.jpg,sad
655.jpg,happy
656.jpg,fear
657.jpg,fear
658.jpg,uncertain
659.jpg,uncertain
660.jpg,disgust
661.jpg,anger
662.jpg,fear
663.jpg,fear
664.jpg,happy
665.jpg,anger
666.jpg,sad
667.jpg,sad
668.jpg,neutral
669.jpg,anger
670.jpg,happy
671.jpg,sad
672.jpg,anger
673.jpg,neutral
674.jpg,happy
675.jpg,contempt
676.jpg,anger
677.jpg,fear
678.jpg,surprise
679.jpg,sad
680.jpg,contempt
681.jpg,anger
682.jpg,anger
683.jpg,neutral
684.jpg,uncertain
685.jpg,sad
686.jpg,uncertain
687.jpg,surprise
688.jpg,surprise
689.jpg,contempt
690.jpg,surprise
691.jpg,anger
692.jpg,uncertain
693.jpg,sad
694.jpg,anger
695.jpg,neutral
696.jpg,anger
697.jpg,surprise
698.jpg,happy
699.jpg,uncertain
700.jpg,contempt
701.jpg,surprise
702.jpg,sad
703.jpg,neutral
704.jpg,happy
705.jpg,sad
706.jpg,surprise
707.jpg,neutral
708.jpg,sad
709.jpg,sad
710.jpg,surprise
711.jpg,fear
712.jpg,anger
713.jpg,neutral
714.jpg,anger
715.jpg,happy
716.jpg,sad
717.jpg,anger
718.jpg,sad
719.jpg,anger
720.jpg,surprise
721.jpg,contempt
722.jpg,contempt
723.jpg,surprise
724.jpg,neutral
725.jpg,neutral
726.jpg,contempt
727.jpg,happy
728.jpg,neutral
729.jpg,neutral
730.jpg,fear
731.jpg,anger
732.jpg,fear
733.jpg,sad
734.jpg,fear
735.jpg,neutral
736.jpg,anger
737.jpg,surprise
738.jpg,neutral
739.jpg,uncertain
740.jpg,neutral
741.jpg,uncertain
742.jpg,happy
743.jpg,fear
744.jpg,anger
745.jpg,neutral
746.jpg,happy
747.jpg,contempt
748.jpg,sad
749.jpg,contempt
750.jpg,happy
751.jpg,sad
752.jpg,uncertain
753.jpg,anger
754.jpg,surprise
755.jpg,fear
756.jpg,happy
757.jpg,sad
758.jpg,surprise
759.jpg,sad
760.jpg,anger
761.jpg,anger
762.jpg,fear
763.jpg,anger
764.jpg,surprise
765.jpg,happy
766.jpg,sad
767.jpg,anger
768.jpg,neutral
769.jpg,happy
770.jpg,contempt
771.jpg,anger
772.jpg,happy
773.jpg,anger
774.jpg,fear
775.jpg,sad
776.jpg,contempt
777.jpg,sad
778.jpg,fear
779.jpg,surprise
780.jpg,fear
781.jpg,happy
782.jpg,surprise
783.jpg,neutral
784.jpg,fear
785.jpg,happy
786.jpg,sad
787.jpg,disgust
788.jpg,sad
789.jpg,fear
790.jpg,surprise
791.jpg,surprise
792.jpg,sad
793.jpg,anger
794.jpg,surprise
795.jpg,happy
796.jpg,anger
797.jpg,sad
798.jpg,surprise
799.jpg,anger
800.jpg,anger
801.jpg,fear
802.jpg,happy
803.jpg,fear
804.jpg,happy
805.jpg,surprise
806.jpg,fear
807.jpg,uncertain
808.jpg,neutral
809.jpg,surprise
810.jpg,happy
811.jpg,surprise
812.jpg,anger
813.jpg,surprise
814.jpg,sad
815.jpg,sad
816.jpg,happy
817.jpg,fear
818.jpg,surprise
819.jpg,happy
820.jpg,uncertain
821.jpg,sad
822.jpg,fear
823.jpg,surprise
824.jpg,neutral
825.jpg,sad
826.jpg,happy
827.jpg,neutral
828.jpg,surprise
829.jpg,sad
830.jpg,neutral
831.jpg,neutral
832.jpg,anger
833.jpg,uncertain
834.jpg,disgust
835.jpg,sad
836.jpg,neutral
837.jpg,neutral
838.jpg,anger
839.jpg,neutral
840.jpg,sad
841.jpg,uncertain
842.jpg,fear
843.jpg,contempt
844.jpg,anger
845.jpg,surprise
846.jpg,happy
847.jpg,neutral
848.jpg,anger
849.jpg,neutral
850.jpg,fear
851.jpg,fear
852.jpg,fear
853.jpg,uncertain
854.jpg,anger
855.jpg,sad
856.jpg,surprise
857.jpg,neutral
858.jpg,surprise
859.jpg,neutral
860.jpg,anger
861.jpg,sad
862.jpg,neutral
863.jpg,disgust
864.jpg,surprise
865.jpg,happy
866.jpg,happy
867.jpg,neutral
868.jpg,happy
869.jpg,neutral
870.jpg,happy
871.jpg,anger
872.jpg,sad
873.jpg,surprise
874.jpg,sad
875.jpg,happy
876.jpg,anger
877.jpg,contempt
878.jpg,fear
879.jpg,neutral
880.jpg,surprise
881.jpg,neutral
882.jpg,anger
883.jpg,anger
884.jpg,anger
885.jpg,fear
886.jpg,surprise
887.jpg,neutral
888.jpg,anger
889.jpg,uncertain
890.jpg,sad
891.jpg,anger
892.jpg,uncertain
893.jpg,sad
894.jpg,uncertain
895.jpg,happy
896.jpg,happy
897.jpg,neutral
898.jpg,neutral
899.jpg,sad
900.jpg,sad
901.jpg,sad
902.jpg,anger
903.jpg,surprise
904.jpg,surprise
905.jpg,happy
906.jpg,surprise
907.jpg,anger
908.jpg,sad
909.jpg,neutral
910.jpg,anger
911.jpg,surprise
912.jpg,happy
913.jpg,happy
914.jpg,fear
915.jpg,neutral
916.jpg,surprise
917.jpg,anger
918.jpg,disgust
919.jpg,anger
920.jpg,sad
921.jpg,fear
922.jpg,anger
923.jpg,contempt
924.jpg,sad
925.jpg,uncertain
926.jpg,fear
927.jpg,anger
928.jpg,happy
929.jpg,surprise
930.jpg,disgust
931.jpg,neutral
932.jpg,anger
933.jpg,anger
934.jpg,happy
935.jpg,sad
936.jpg,fear
937.jpg,sad
938.jpg,anger
939.jpg,anger
940.jpg,surprise
941.jpg,happy
942.jpg,anger
943.jpg,sad
944.jpg,surprise
945.jpg,surprise
946.jpg,sad
947.jpg,happy
948.jpg,anger
949.jpg,happy
950.jpg,neutral
951.jpg,surprise
952.jpg,anger
953.jpg,fear
954.jpg,anger
955.jpg,anger
956.jpg,surprise
957.jpg,fear
958.jpg,anger
959.jpg,neutral
960.jpg,fear
961.jpg,uncertain
962.jpg,happy
963.jpg,fear
964.jpg,sad
965.jpg,uncertain
966.jpg,anger
967.jpg,anger
968.jpg,neutral
969.jpg,disgust
970.jpg,surprise
971.jpg,surprise
972.jpg,anger
973.jpg,disgust
974.jpg,neutral
975.jpg,neutral
976.jpg,happy
977.jpg,contempt
978.jpg,sad
979.jpg,sad
980.jpg,neutral
981.jpg,neutral
982.jpg,fear
983.jpg,sad
984.jpg,neutral
985.jpg,happy
986.jpg,disgust
987.jpg,anger
988.jpg,sad
989.jpg,neutral
990.jpg,anger
991.jpg,uncertain
992.jpg,fear
993.jpg,happy
994.jpg,surprise
995.jpg,surprise
996.jpg,happy
997.jpg,anger
998.jpg,neutral
999.jpg,happy
1000.jpg,happy
1001.jpg,surprise
1002.jpg,contempt
1003.jpg,sad
1004.jpg,neutral
1005.jpg,anger
1006.jpg,sad
1007.jpg,happy
1008.jpg,neutral
1009.jpg,neutral
1010.jpg,surprise
1011.jpg,surprise
1012.jpg,happy
1013.jpg,surprise
1014.jpg,happy
1015.jpg,happy
1016.jpg,anger
1017.jpg,happy
1018.jpg,sad
1019.jpg,fear
1020.jpg,surprise
1021.jpg,surprise
1022.jpg,anger
1023.jpg,neutral
1024.jpg,fear
1025.jpg,happy
1026.jpg,uncertain
1027.jpg,neutral
1028.jpg,disgust
1029.jpg,surprise
1030.jpg,surprise
1031.jpg,anger
1032.jpg,uncertain
1033.jpg,neutral
1034.jpg,surprise
1035.jpg,sad
1036.jpg,anger
1037.jpg,fear
1038.jpg,fear
1039.jpg,neutral
1040.jpg,happy
1041.jpg,happy
1042.jpg,anger
1043.jpg,fear
1044.jpg,sad
1045.jpg,happy
1046.jpg,anger
1047.jpg,anger
1048.jpg,anger
1049.jpg,fear
1050.jpg,uncertain
1051.jpg,surprise
1052.jpg,neutral
1053.jpg,neutral
1054.jpg,anger
1055.jpg,sad
1056.jpg,happy
1057.jpg,uncertain
1058.jpg,fear
1059.jpg,neutral
1060.jpg,surprise
1061.jpg,disgust
1062.jpg,happy
1063.jpg,anger
1064.jpg,anger
1065.jpg,anger
1066.jpg,happy
1067.jpg,sad
1068.jpg,surprise
1069.jpg,sad
1070.jpg,anger
1071.jpg,sad
1072.jpg,surprise
1073.jpg,anger
1074.jpg,sad
1075.jpg,happy
1076.jpg,sad
1077.jpg,contempt
1078.jpg,surprise
1079.jpg,happy
1080.jpg,anger
1081.jpg,surprise
1082.jpg,anger
1083.jpg,sad
1084.jpg,neutral
1085.jpg,happy
1086.jpg,anger
1087.jpg,anger
1088.jpg,surprise
1089.jpg,anger
1090.jpg,happy
1091.jpg,surprise
1092.jpg,anger
1093.jpg,sad
1094.jpg,happy
1095.jpg,anger
1096.jpg,anger
1097.jpg,contempt
1098.jpg,anger
1099.jpg,fear
1100.jpg,uncertain
1101.jpg,happy
1102.jpg,surprise
1103.jpg,fear
1104.jpg,surprise
1105.jpg,sad
1106.jpg,happy
1107.jpg,happy
1108.jpg,surprise
1109.jpg,anger
1110.jpg,fear
1111.jpg,anger
1112.jpg,uncertain
1113.jpg,fear
1114.jpg,neutral
1115.jpg,uncertain
1116.jpg,neutral
1117.jpg,fear
1118.jpg,anger
1119.jpg,surprise
1120.jpg,fear
1121.jpg,fear
1122.jpg,surprise
1123.jpg,anger
1124.jpg,fear
1125.jpg,disgust
1126.jpg,fear
1127.jpg,surprise
1128.jpg,surprise
1129.jpg,happy
1130.jpg,sad
1131.jpg,uncertain
1132.jpg,anger
1133.jpg,fear
1134.jpg,surprise
1135.jpg,surprise
1136.jpg,neutral
1137.jpg,sad
1138.jpg,surprise
1139.jpg,neutral
1140.jpg,happy
1141.jpg,neutral
1142.jpg,sad
1143.jpg,neutral
1144.jpg,uncertain
1145.jpg,neutral
1146.jpg,fear
1147.jpg,sad
1148.jpg,neutral
1149.jpg,fear
1150.jpg,anger
1151.jpg,anger
1152.jpg,anger
1153.jpg,uncertain
1154.jpg,happy
1155.jpg,neutral
1156.jpg,anger
1157.jpg,surprise
1158.jpg,fear
1159.jpg,surprise
1160.jpg,surprise
1161.jpg,sad
1162.jpg,fear
1163.jpg,fear
1164.jpg,surprise
1165.jpg,surprise
1166.jpg,happy
1167.jpg,fear
1168.jpg,neutral
1169.jpg,sad
1170.jpg,happy
1171.jpg,neutral
1172.jpg,happy
1173.jpg,sad
1174.jpg,surprise
1175.jpg,anger
1176.jpg,fear
1177.jpg,surprise
1178.jpg,happy
1179.jpg,uncertain
1180.jpg,surprise
1181.jpg,uncertain
1182.jpg,neutral
1183.jpg,happy
1184.jpg,neutral
1185.jpg,anger
1186.jpg,anger
1187.jpg,sad
1188.jpg,contempt
1189.jpg,surprise
1190.jpg,disgust
1191.jpg,anger
1192.jpg,surprise
1193.jpg,anger
1194.jpg,sad
1195.jpg,fear
1196.jpg,anger
1197.jpg,fear
1198.jpg,neutral
1199.jpg,happy
1200.jpg,fear
1201.jpg,uncertain
1202.jpg,anger
1203.jpg,contempt
1204.jpg,sad
1205.jpg,uncertain
1206.jpg,fear
1207.jpg,sad
1208.jpg,anger
1209.jpg,neutral
1210.jpg,sad
1211.jpg,fear
1212.jpg,anger
1213.jpg,happy
1214.jpg,sad
1215.jpg,surprise
1216.jpg,uncertain
1217.jpg,sad
1218.jpg,anger
1219.jpg,uncertain
1220.jpg,fear
1221.jpg,sad
1222.jpg,sad
1223.jpg,fear
1224.jpg,contempt
1225.jpg,happy
1226.jpg,uncertain
1227.jpg,sad
1228.jpg,sad
1229.jpg,anger
1230.jpg,anger
1231.jpg,happy
1232.jpg,anger
1233.jpg,surprise
1234.jpg,anger
1235.jpg,anger
1236.jpg,surprise
1237.jpg,sad
1238.jpg,sad
1239.jpg,anger
1240.jpg,contempt
1241.jpg,sad
1242.jpg,uncertain
1243.jpg,anger
1244.jpg,happy
1245.jpg,surprise
1246.jpg,neutral
1247.jpg,neutral
1248.jpg,fear
1249.jpg,happy
1250.jpg,neutral
1251.jpg,sad
1252.jpg,sad
1253.jpg,contempt
1254.jpg,fear
1255.jpg,anger
1256.jpg,surprise
1257.jpg,contempt
1258.jpg,surprise
1259.jpg,anger
1260.jpg,uncertain
1261.jpg,surprise
1262.jpg,uncertain
1263.jpg,disgust
1264.jpg,neutral
1265.jpg,happy
1266.jpg,sad
1267.jpg,happy
1268.jpg,disgust
1269.jpg,anger
1270.jpg,contempt
1271.jpg,anger
1272.jpg,neutral
1273.jpg,happy
1274.jpg,neutral
1275.jpg,sad
1276.jpg,neutral
1277.jpg,surprise
1278.jpg,uncertain
1279.jpg,surprise
1280.jpg,neutral
1281.jpg,surprise
1282.jpg,uncertain
1283.jpg,surprise
1284.jpg,disgust
1285.jpg,neutral
1286.jpg,fear
1287.jpg,anger
1288.jpg,surprise
1289.jpg,happy
1290.jpg,neutral
1291.jpg,sad
1292.jpg,uncertain
1293.jpg,fear
1294.jpg,anger
1295.jpg,surprise
1296.jpg,anger
1297.jpg,surprise
1298.jpg,anger
1299.jpg,contempt
1300.jpg,anger
1301.jpg,surprise
1302.jpg,contempt
1303.jpg,sad
1304.jpg,fear
1305.jpg,surprise
1306.jpg,surprise
1307.jpg,sad
1308.jpg,contempt
1309.jpg,contempt
1310.jpg,surprise
1311.jpg,sad
1312.jpg,anger
1313.jpg,disgust
1314.jpg,contempt
1315.jpg,sad
1316.jpg,sad
1317.jpg,neutral
1318.jpg,disgust
1319.jpg,neutral
1320.jpg,sad
1321.jpg,uncertain
1322.jpg,uncertain
1323.jpg,contempt
1324.jpg,disgust
1325.jpg,surprise
1326.jpg,anger
1327.jpg,disgust
1328.jpg,surprise
1329.jpg,happy
1330.jpg,uncertain
1331.jpg,sad
1332.jpg,neutral
1333.jpg,happy
1334.jpg,neutral
1335.jpg,sad
1336.jpg,anger
1337.jpg,fear
1338.jpg,anger
1339.jpg,fear
1340.jpg,fear
1341.jpg,happy
1342.jpg,uncertain
1343.jpg,anger
1344.jpg,sad
1345.jpg,surprise
1346.jpg,happy
1347.jpg,sad
1348.jpg,neutral
1349.jpg,happy
1350.jpg,anger
1351.jpg,sad
1352.jpg,sad
1353.jpg,surprise
1354.jpg,neutral
1355.jpg,anger
1356.jpg,sad
1357.jpg,happy
1358.jpg,anger
1359.jpg,anger
1360.jpg,sad
1361.jpg,anger
1362.jpg,surprise
1363.jpg,anger
1364.jpg,fear
1365.jpg,anger
1366.jpg,anger
1367.jpg,surprise
1368.jpg,sad
1369.jpg,sad
1370.jpg,anger
1371.jpg,sad
1372.jpg,neutral
1373.jpg,uncertain
1374.jpg,disgust
1375.jpg,happy
1376.jpg,uncertain
1377.jpg,anger
1378.jpg,uncertain
1379.jpg,fear
1380.jpg,fear
1381.jpg,anger
1382.jpg,happy
1383.jpg,surprise
1384.jpg,neutral
1385.jpg,happy
1386.jpg,happy
1387.jpg,uncertain
1388.jpg,surprise
1389.jpg,fear
1390.jpg,fear
1391.jpg,neutral
1392.jpg,contempt
1393.jpg,sad
1394.jpg,neutral
1395.jpg,anger
1396.jpg,fear
1397.jpg,uncertain
1398.jpg,fear
1399.jpg,happy
1400.jpg,happy
1401.jpg,uncertain
1402.jpg,fear
1403.jpg,anger
1404.jpg,sad
1405.jpg,surprise
1406.jpg,fear
1407.jpg,neutral
1408.jpg,disgust
1409.jpg,surprise
1410.jpg,sad
1411.jpg,anger
1412.jpg,neutral
1413.jpg,surprise
1414.jpg,happy
1415.jpg,anger
1416.jpg,contempt
1417.jpg,uncertain
1418.jpg,sad
1419.jpg,sad
1420.jpg,contempt
1421.jpg,fear
1422.jpg,anger
1423.jpg,happy
1424.jpg,anger
1425.jpg,anger
1426.jpg,sad
1427.jpg,sad
1428.jpg,surprise
1429.jpg,neutral
1430.jpg,contempt
1431.jpg,sad
1432.jpg,happy
1433.jpg,fear
1434.jpg,neutral
1435.jpg,disgust
1436.jpg,happy
1437.jpg,fear
1438.jpg,disgust
1439.jpg,contempt
1440.jpg,surprise
1441.jpg,fear
1442.jpg,fear
1443.jpg,happy
1444.jpg,happy
1445.jpg,fear
1446.jpg,neutral
1447.jpg,sad
1448.jpg,disgust
1449.jpg,anger
1450.jpg,surprise
1451.jpg,fear
1452.jpg,disgust
1453.jpg,fear
1454.jpg,sad
1455.jpg,sad
1456.jpg,sad
1457.jpg,neutral
1458.jpg,surprise
1459.jpg,happy
1460.jpg,fear
1461.jpg,happy
1462.jpg,anger
1463.jpg,happy
1464.jpg,anger
1465.jpg,sad
1466.jpg,happy
1467.jpg,surprise
1468.jpg,anger
1469.jpg,contempt
1470.jpg,surprise
1471.jpg,surprise
1472.jpg,happy
1473.jpg,fear
1474.jpg,disgust
1475.jpg,anger
1476.jpg,anger
1477.jpg,happy
1478.jpg,fear
1479.jpg,surprise
1480.jpg,fear
1481.jpg,uncertain
1482.jpg,uncertain
1483.jpg,happy
1484.jpg,anger
1485.jpg,happy
1486.jpg,sad
1487.jpg,sad
1488.jpg,fear
1489.jpg,anger
1490.jpg,sad
1491.jpg,anger
1492.jpg,neutral
1493.jpg,neutral
1494.jpg,anger
1495.jpg,anger
1496.jpg,fear
1497.jpg,happy
1498.jpg,happy
1499.jpg,happy
1500.jpg,happy
1501.jpg,happy
1502.jpg,contempt
1503.jpg,anger
1504.jpg,happy
1505.jpg,sad
1506.jpg,happy
1507.jpg,anger
1508.jpg,uncertain
1509.jpg,fear
1510.jpg,fear
1511.jpg,anger
1512.jpg,anger
1513.jpg,surprise
1514.jpg,sad
1515.jpg,surprise
1516.jpg,uncertain
1517.jpg,disgust
1518.jpg,neutral
1519.jpg,sad
1520.jpg,neutral
1521.jpg,happy
1522.jpg,anger
1523.jpg,anger
1524.jpg,surprise
1525.jpg,surprise
1526.jpg,surprise
1527.jpg,anger
1528.jpg,neutral
1529.jpg,surprise
1530.jpg,uncertain
1531.jpg,surprise
1532.jpg,anger
1533.jpg,happy
1534.jpg,happy
1535.jpg,surprise
1536.jpg,happy
1537.jpg,fear
1538.jpg,anger
1539.jpg,anger
1540.jpg,sad
1541.jpg,anger
1542.jpg,fear
1543.jpg,happy
1544.jpg,surprise
1545.jpg,happy
1546.jpg,anger
1547.jpg,neutral
1548.jpg,anger
1549.jpg,sad
1550.jpg,sad
1551.jpg,neutral
1552.jpg,surprise
1553.jpg,anger
1554.jpg,fear
1555.jpg,uncertain
1556.jpg,sad
1557.jpg,sad
1558.jpg,happy
1559.jpg,uncertain
1560.jpg,sad
1561.jpg,anger
1562.jpg,contempt
1563.jpg,happy
1564.jpg,anger
1565.jpg,happy
1566.jpg,happy
1567.jpg,sad
1568.jpg,disgust
1569.jpg,happy
1570.jpg,anger
1571.jpg,neutral
1572.jpg,sad
1573.jpg,neutral
1574.jpg,uncertain
1575.jpg,uncertain
1576.jpg,disgust
1577.jpg,anger
1578.jpg,happy
1579.jpg,sad
1580.jpg,sad
1581.jpg,surprise
1582.jpg,surprise
1583.jpg,surprise
1584.jpg,sad
1585.jpg,fear
1586.jpg,anger
1587.jpg,anger
1588.jpg,fear
1589.jpg,sad
1590.jpg,disgust
1591.jpg,anger
1592.jpg,surprise
1593.jpg,surprise
1594.jpg,surprise
1595.jpg,surprise
1596.jpg,happy
1597.jpg,contempt
1598.jpg,happy
1599.jpg,uncertain
1600.jpg,fear
1601.jpg,neutral
1602.jpg,sad
1603.jpg,anger
1604.jpg,fear
1605.jpg,anger
1606.jpg,sad
1607.jpg,uncertain
1608.jpg,sad
1609.jpg,happy
1610.jpg,disgust
1611.jpg,fear
1612.jpg,sad
1613.jpg,happy
1614.jpg,neutral
1615.jpg,surprise
1616.jpg,anger
1617.jpg,surprise
1618.jpg,sad
1619.jpg,sad
1620.jpg,sad
1621.jpg,anger
1622.jpg,happy
1623.jpg,fear
1624.jpg,neutral
1625.jpg,sad
1626.jpg,anger
1627.jpg,sad
1628.jpg,sad
1629.jpg,neutral
1630.jpg,fear
1631.jpg,neutral
1632.jpg,anger
1633.jpg,surprise
1634.jpg,sad
1635.jpg,neutral
1636.jpg,uncertain
1637.jpg,surprise
1638.jpg,neutral
1639.jpg,anger
1640.jpg,uncertain
1641.jpg,uncertain
1642.jpg,anger
1643.jpg,happy
1644.jpg,sad
1645.jpg,uncertain
1646.jpg,happy
1647.jpg,fear
1648.jpg,surprise
1649.jpg,surprise
1650.jpg,fear
1651.jpg,contempt
1652.jpg,anger
1653.jpg,anger
1654.jpg,anger
1655.jpg,fear
1656.jpg,neutral
1657.jpg,disgust
1658.jpg,uncertain
1659.jpg,uncertain
1660.jpg,uncertain
1661.jpg,contempt
1662.jpg,fear
1663.jpg,happy
1664.jpg,anger
1665.jpg,happy
1666.jpg,happy
1667.jpg,happy
1668.jpg,sad
1669.jpg,anger
1670.jpg,fear
1671.jpg,happy
1672.jpg,fear
1673.jpg,surprise
1674.jpg,sad
1675.jpg,sad
1676.jpg,neutral
1677.jpg,fear
1678.jpg,happy
1679.jpg,surprise
1680.jpg,uncertain
1681.jpg,anger
1682.jpg,happy
1683.jpg,contempt
1684.jpg,sad
1685.jpg,anger
1686.jpg,anger
1687.jpg,contempt
1688.jpg,anger
1689.jpg,fear
1690.jpg,happy
1691.jpg,surprise
1692.jpg,happy
1693.jpg,anger
1694.jpg,anger
1695.jpg,surprise
1696.jpg,happy
1697.jpg,sad
1698.jpg,disgust
1699.jpg,happy
1700.jpg,happy
1701.jpg,sad
1702.jpg,uncertain
1703.jpg,sad
1704.jpg,sad
1705.jpg,sad
1706.jpg,disgust
1707.jpg,sad
1708.jpg,uncertain
1709.jpg,surprise
1710.jpg,anger
1711.jpg,fear
1712.jpg,sad
1713.jpg,sad
1714.jpg,happy
1715.jpg,anger
1716.jpg,happy
1717.jpg,surprise
1718.jpg,happy
1719.jpg,surprise
1720.jpg,neutral
1721.jpg,anger
1722.jpg,fear
1723.jpg,uncertain
1724.jpg,happy
1725.jpg,fear
1726.jpg,disgust
1727.jpg,surprise
1728.jpg,anger
1729.jpg,fear
1730.jpg,contempt
1731.jpg,surprise
1732.jpg,neutral
1733.jpg,surprise
1734.jpg,neutral
1735.jpg,contempt
1736.jpg,anger
1737.jpg,sad
1738.jpg,fear
1739.jpg,fear
1740.jpg,surprise
1741.jpg,uncertain
1742.jpg,fear
1743.jpg,sad
1744.jpg,fear
1745.jpg,anger
1746.jpg,anger
1747.jpg,happy
1748.jpg,anger
1749.jpg,disgust
1750.jpg,surprise
1751.jpg,neutral
1752.jpg,uncertain
1753.jpg,surprise
1754.jpg,uncertain
1755.jpg,happy
1756.jpg,anger
1757.jpg,anger
1758.jpg,anger
1759.jpg,neutral
1760.jpg,neutral
1761.jpg,uncertain
1762.jpg,sad
1763.jpg,happy
1764.jpg,surprise
1765.jpg,surprise
1766.jpg,sad
1767.jpg,surprise
1768.jpg,surprise
1769.jpg,happy
1770.jpg,surprise
1771.jpg,uncertain
1772.jpg,neutral
1773.jpg,neutral
1774.jpg,fear
1775.jpg,disgust
1776.jpg,disgust
1777.jpg,anger
1778.jpg,surprise
1779.jpg,neutral
1780.jpg,uncertain
1781.jpg,neutral
1782.jpg,fear
1783.jpg,neutral
1784.jpg,happy
1785.jpg,disgust
1786.jpg,fear
1787.jpg,anger
1788.jpg,happy
1789.jpg,happy
1790.jpg,surprise
1791.jpg,sad
1792.jpg,uncertain
1793.jpg,surprise
1794.jpg,happy
1795.jpg,happy
1796.jpg,anger
1797.jpg,anger
1798.jpg,sad
1799.jpg,happy
1800.jpg,disgust
1801.jpg,neutral
1802.jpg,surprise
1803.jpg,disgust
1804.jpg,contempt
1805.jpg,anger
1806.jpg,sad
1807.jpg,happy
1808.jpg,neutral
1809.jpg,sad
1810.jpg,surprise
1811.jpg,happy
1812.jpg,uncertain
1813.jpg,surprise
1814.jpg,surprise
1815.jpg,happy
1816.jpg,surprise
1817.jpg,sad
1818.jpg,happy
1819.jpg,sad
1820.jpg,anger
1821.jpg,sad
1822.jpg,sad
1823.jpg,anger
1824.jpg,disgust
1825.jpg,disgust
1826.jpg,anger
1827.jpg,contempt
1828.jpg,disgust
1829.jpg,anger
1830.jpg,contempt
1831.jpg,fear
1832.jpg,anger
1833.jpg,disgust
1834.jpg,happy
1835.jpg,fear
1836.jpg,surprise
1837.jpg,fear
1838.jpg,happy
1839.jpg,sad
1840.jpg,neutral
1841.jpg,uncertain
1842.jpg,surprise
1843.jpg,fear
1844.jpg,happy
1845.jpg,neutral
1846.jpg,surprise
1847.jpg,surprise
1848.jpg,happy
1849.jpg,uncertain
1850.jpg,neutral
1851.jpg,anger
1852.jpg,sad
1853.jpg,sad
1854.jpg,sad
1855.jpg,sad
1856.jpg,anger
1857.jpg,uncertain
1858.jpg,happy
1859.jpg,fear
1860.jpg,uncertain
1861.jpg,sad
1862.jpg,uncertain
1863.jpg,sad
1864.jpg,fear
1865.jpg,uncertain
1866.jpg,happy
1867.jpg,anger
1868.jpg,contempt
1869.jpg,sad
1870.jpg,surprise
1871.jpg,surprise
1872.jpg,uncertain
1873.jpg,neutral
1874.jpg,anger
1875.jpg,fear
1876.jpg,sad
1877.jpg,happy
1878.jpg,sad
1879.jpg,anger
1880.jpg,sad
1881.jpg,anger
1882.jpg,fear
1883.jpg,fear
1884.jpg,surprise
1885.jpg,fear
1886.jpg,sad
1887.jpg,fear
1888.jpg,sad
1889.jpg,surprise
1890.jpg,happy
1891.jpg,disgust
1892.jpg,surprise
1893.jpg,happy
1894.jpg,sad
1895.jpg,happy
1896.jpg,contempt
1897.jpg,neutral
1898.jpg,neutral
1899.jpg,sad
1900.jpg,surprise
1901.jpg,neutral
1902.jpg,fear
1903.jpg,neutral
1904.jpg,fear
1905.jpg,surprise
1906.jpg,anger
1907.jpg,anger
1908.jpg,neutral
1909.jpg,disgust
1910.jpg,anger
1911.jpg,happy
1912.jpg,surprise
1913.jpg,surprise
1914.jpg,surprise
1915.jpg,happy
1916.jpg,happy
1917.jpg,sad
1918.jpg,sad
1919.jpg,anger
1920.jpg,contempt
1921.jpg,disgust
1922.jpg,sad
1923.jpg,anger
1924.jpg,sad
1925.jpg,happy
1926.jpg,anger
1927.jpg,anger
1928.jpg,sad
1929.jpg,anger
1930.jpg,fear
1931.jpg,surprise
1932.jpg,fear
1933.jpg,uncertain
1934.jpg,contempt
1935.jpg,neutral
1936.jpg,contempt
1937.jpg,contempt
1938.jpg,uncertain
1939.jpg,neutral
1940.jpg,surprise
1941.jpg,sad
1942.jpg,neutral
1943.jpg,sad
1944.jpg,neutral
1945.jpg,surprise
1946.jpg,neutral
1947.jpg,happy
1948.jpg,sad
1949.jpg,neutral
1950.jpg,happy
1951.jpg,happy
1952.jpg,fear
1953.jpg,sad
1954.jpg,sad
1955.jpg,sad
1956.jpg,fear
1957.jpg,sad
1958.jpg,surprise
1959.jpg,surprise
1960.jpg,surprise
1961.jpg,anger
1962.jpg,neutral
1963.jpg,uncertain
1964.jpg,neutral
1965.jpg,sad
1966.jpg,anger
1967.jpg,happy
1968.jpg,surprise
1969.jpg,surprise
1970.jpg,sad
1971.jpg,surprise
1972.jpg,disgust
1973.jpg,surprise
1974.jpg,happy
1975.jpg,anger
1976.jpg,anger
1977.jpg,sad
1978.jpg,happy
1979.jpg,surprise
1980.jpg,surprise
1981.jpg,happy
1982.jpg,happy
1983.jpg,surprise
1984.jpg,neutral
1985.jpg,sad
1986.jpg,neutral
1987.jpg,anger
1988.jpg,anger
1989.jpg,uncertain
1990.jpg,sad
1991.jpg,fear
1992.jpg,neutral
1993.jpg,fear
1994.jpg,sad
1995.jpg,contempt
1996.jpg,sad
1997.jpg,surprise
1998.jpg,anger
1999.jpg,surprise
2000.jpg,uncertain
2001.jpg,fear
2002.jpg,anger
2003.jpg,happy
2004.jpg,uncertain
2005.jpg,uncertain
2006.jpg,fear
2007.jpg,neutral
2008.jpg,happy
2009.jpg,sad
2010.jpg,disgust
2011.jpg,happy
2012.jpg,happy
2013.jpg,sad
2014.jpg,happy
2015.jpg,happy
2016.jpg,anger
2017.jpg,neutral
2018.jpg,anger
2019.jpg,neutral
2020.jpg,anger
2021.jpg,surprise
2022.jpg,neutral
2023.jpg,uncertain
2024.jpg,anger
2025.jpg,neutral
2026.jpg,uncertain
2027.jpg,sad
2028.jpg,anger
2029.jpg,surprise
2030.jpg,sad
2031.jpg,sad
2032.jpg,surprise
2033.jpg,sad
2034.jpg,sad
2035.jpg,anger
2036.jpg,uncertain
2037.jpg,surprise
2038.jpg,sad
2039.jpg,fear
2040.jpg,surprise
2041.jpg,surprise
2042.jpg,happy
2043.jpg,contempt
2044.jpg,sad
2045.jpg,happy
2046.jpg,sad
2047.jpg,happy
2048.jpg,anger
2049.jpg,anger
2050.jpg,sad
2051.jpg,contempt
2052.jpg,fear
2053.jpg,contempt
2054.jpg,fear
2055.jpg,neutral
2056.jpg,uncertain
2057.jpg,surprise
2058.jpg,sad
2059.jpg,disgust
2060.jpg,neutral
2061.jpg,neutral
2062.jpg,surprise
2063.jpg,uncertain
2064.jpg,sad
2065.jpg,fear
2066.jpg,happy
2067.jpg,happy
2068.jpg,sad
2069.jpg,anger
2070.jpg,anger
2071.jpg,neutral
2072.jpg,sad
2073.jpg,sad
2074.jpg,happy
2075.jpg,anger
2076.jpg,fear
2077.jpg,happy
2078.jpg,anger
2079.jpg,anger
2080.jpg,sad
2081.jpg,surprise
2082.jpg,sad
2083.jpg,happy
2084.jpg,disgust
2085.jpg,neutral
2086.jpg,happy
2087.jpg,surprise
2088.jpg,happy
2089.jpg,uncertain
2090.jpg,neutral
2091.jpg,surprise
2092.jpg,sad
2093.jpg,anger
2094.jpg,sad
2095.jpg,happy
2096.jpg,contempt
2097.jpg,uncertain
2098.jpg,anger
2099.jpg,happy
2100.jpg,neutral
2101.jpg,surprise
2102.jpg,surprise
2103.jpg,fear
2104.jpg,sad
2105.jpg,uncertain
2106.jpg,sad
2107.jpg,surprise
2108.jpg,neutral
2109.jpg,fear
2110.jpg,fear
2111.jpg,happy
2112.jpg,anger
2113.jpg,happy
2114.jpg,neutral
2115.jpg,anger
2116.jpg,surprise
2117.jpg,neutral
2118.jpg,anger
2119.jpg,neutral
2120.jpg,uncertain
2121.jpg,fear
2122.jpg,sad
2123.jpg,neutral
2124.jpg,sad
2125.jpg,neutral
2126.jpg,neutral
2127.jpg,anger
2128.jpg,anger
2129.jpg,uncertain
2130.jpg,uncertain
2131.jpg,anger
2132.jpg,surprise
2133.jpg,happy
2134.jpg,sad
2135.jpg,neutral
2136.jpg,surprise
2137.jpg,surprise
2138.jpg,disgust
2139.jpg,neutral
2140.jpg,sad
2141.jpg,disgust
2142.jpg,anger
2143.jpg,sad
2144.jpg,neutral
2145.jpg,fear
2146.jpg,fear
2147.jpg,uncertain
2148.jpg,happy
2149.jpg,contempt
2150.jpg,uncertain
2151.jpg,sad
2152.jpg,anger
2153.jpg,sad
2154.jpg,surprise
2155.jpg,fear
2156.jpg,happy
2157.jpg,disgust
2158.jpg,neutral
2159.jpg,fear
2160.jpg,surprise
2161.jpg,sad
2162.jpg,happy
2163.jpg,contempt
2164.jpg,uncertain
2165.jpg,contempt
2166.jpg,fear
2167.jpg,surprise
2168.jpg,uncertain
2169.jpg,neutral
2170.jpg,sad
2171.jpg,happy
2172.jpg,anger
2173.jpg,happy
2174.jpg,fear
2175.jpg,happy
2176.jpg,sad
2177.jpg,disgust
2178.jpg,anger
2179.jpg,anger
2180.jpg,surprise
2181.jpg,disgust
2182.jpg,anger
2183.jpg,happy
2184.jpg,disgust
2185.jpg,uncertain
2186.jpg,anger
2187.jpg,disgust
2188.jpg,sad
2189.jpg,uncertain
2190.jpg,anger
2191.jpg,sad
2192.jpg,surprise
2193.jpg,happy
2194.jpg,surprise
2195.jpg,happy
2196.jpg,anger
2197.jpg,uncertain
2198.jpg,neutral
2199.jpg,happy
2200.jpg,fear
2201.jpg,fear
2202.jpg,uncertain
2203.jpg,anger
2204.jpg,anger
2205.jpg,surprise
2206.jpg,sad
2207.jpg,anger
2208.jpg,sad
2209.jpg,sad
2210.jpg,anger
2211.jpg,sad
2212.jpg,uncertain
2213.jpg,neutral
2214.jpg,neutral
2215.jpg,surprise
2216.jpg,surprise
2217.jpg,uncertain
2218.jpg,fear
2219.jpg,disgust
2220.jpg,anger
2221.jpg,neutral
2222.jpg,uncertain
2223.jpg,anger
2224.jpg,anger
2225.jpg,anger
2226.jpg,anger
2227.jpg,happy
2228.jpg,sad
2229.jpg,anger
2230.jpg,happy
2231.jpg,anger
2232.jpg,anger
2233.jpg,happy
2234.jpg,fear
2235.jpg,contempt
2236.jpg,surprise
2237.jpg,anger
2238.jpg,fear
2239.jpg,sad
2240.jpg,neutral
2241.jpg,neutral
2242.jpg,anger
2243.jpg,happy
2244.jpg,sad
2245.jpg,contempt
2246.jpg,sad
2247.jpg,sad
2248.jpg,happy
2249.jpg,surprise
2250.jpg,contempt
2251.jpg,neutral
2252.jpg,contempt
2253.jpg,happy
2254.jpg,anger
2255.jpg,happy
2256.jpg,neutral
2257.jpg,surprise
2258.jpg,sad
2259.jpg,surprise
2260.jpg,anger
2261.jpg,happy
2262.jpg,uncertain
2263.jpg,anger
2264.jpg,happy
2265.jpg,sad
2266.jpg,fear
2267.jpg,sad
2268.jpg,happy
2269.jpg,anger
2270.jpg,fear
2271.jpg,happy
2272.jpg,happy
2273.jpg,sad
2274.jpg,fear
2275.jpg,neutral
2276.jpg,neutral
2277.jpg,fear
2278.jpg,anger
2279.jpg,happy
2280.jpg,contempt
2281.jpg,uncertain
2282.jpg,disgust
2283.jpg,neutral
2284.jpg,anger
2285.jpg,happy
2286.jpg,anger
2287.jpg,anger
2288.jpg,fear
2289.jpg,happy
2290.jpg,anger
2291.jpg,sad
2292.jpg,uncertain
2293.jpg,surprise
2294.jpg,sad
2295.jpg,surprise
2296.jpg,fear
2297.jpg,contempt
2298.jpg,sad
2299.jpg,surprise
2300.jpg,happy
2301.jpg,happy
2302.jpg,surprise
2303.jpg,surprise
2304.jpg,fear
2305.jpg,happy
2306.jpg,sad
2307.jpg,surprise
2308.jpg,anger
2309.jpg,surprise
2310.jpg,surprise
2311.jpg,neutral
2312.jpg,contempt
2313.jpg,fear
2314.jpg,surprise
2315.jpg,sad
2316.jpg,neutral
2317.jpg,surprise
2318.jpg,anger
2319.jpg,sad
2320.jpg,happy
2321.jpg,happy
2322.jpg,happy
2323.jpg,anger
2324.jpg,fear
2325.jpg,sad
2326.jpg,uncertain
2327.jpg,happy
2328.jpg,surprise
2329.jpg,anger
2330.jpg,anger
2331.jpg,uncertain
2332.jpg,contempt
2333.jpg,disgust
2334.jpg,happy
2335.jpg,surprise
2336.jpg,anger
2337.jpg,surprise
2338.jpg,neutral
2339.jpg,surprise
2340.jpg,neutral
2341.jpg,neutral
2342.jpg,disgust
2343.jpg,fear
2344.jpg,uncertain
2345.jpg,fear
2346.jpg,neutral
2347.jpg,disgust
2348.jpg,happy
2349.jpg,neutral
2350.jpg,fear
2351.jpg,fear
2352.jpg,anger
2353.jpg,anger
2354.jpg,fear
2355.jpg,sad
2356.jpg,neutral
2357.jpg,sad
2358.jpg,sad
2359.jpg,surprise
2360.jpg,anger
2361.jpg,fear
2362.jpg,happy
2363.jpg,uncertain
2364.jpg,contempt
2365.jpg,contempt
2366.jpg,disgust
2367.jpg,surprise
2368.jpg,uncertain
2369.jpg,anger
2370.jpg,disgust
2371.jpg,disgust
2372.jpg,uncertain
2373.jpg,neutral
2374.jpg,happy
2375.jpg,uncertain
2376.jpg,anger
2377.jpg,anger
2378.jpg,happy
2379.jpg,anger
2380.jpg,uncertain
2381.jpg,uncertain
2382.jpg,surprise
2383.jpg,anger
2384.jpg,neutral
2385.jpg,contempt
2386.jpg,anger
2387.jpg,disgust
2388.jpg,surprise
2389.jpg,happy
2390.jpg,neutral
2391.jpg,sad
2392.jpg,contempt
2393.jpg,sad
2394.jpg,sad
2395.jpg,anger
2396.jpg,anger
2397.jpg,surprise
2398.jpg,happy
2399.jpg,contempt
2400.jpg,contempt
2401.jpg,disgust
2402.jpg,happy
2403.jpg,anger
2404.jpg,sad
2405.jpg,fear
2406.jpg,surprise
2407.jpg,fear
2408.jpg,sad
2409.jpg,disgust
2410.jpg,surprise
2411.jpg,neutral
2412.jpg,surprise
2413.jpg,happy
2414.jpg,sad
2415.jpg,fear
2416.jpg,happy
2417.jpg,uncertain
2418.jpg,anger
2419.jpg,neutral
2420.jpg,neutral
2421.jpg,neutral
2422.jpg,uncertain
2423.jpg,fear
2424.jpg,happy
2425.jpg,fear
2426.jpg,happy
2427.jpg,disgust
2428.jpg,surprise
2429.jpg,neutral
2430.jpg,sad
2431.jpg,contempt
2432.jpg,sad
2433.jpg,contempt
2434.jpg,sad
2435.jpg,uncertain
2436.jpg,contempt
2437.jpg,happy
2438.jpg,disgust
2439.jpg,sad
2440.jpg,happy
2441.jpg,fear
2442.jpg,anger
2443.jpg,sad
2444.jpg,fear
2445.jpg,sad
2446.jpg,contempt
2447.jpg,anger
2448.jpg,anger
2449.jpg,surprise
2450.jpg,surprise
2451.jpg,neutral
2452.jpg,anger
2453.jpg,neutral
2454.jpg,disgust
2455.jpg,anger
2456.jpg,uncertain
2457.jpg,anger
2458.jpg,disgust
2459.jpg,disgust
2460.jpg,anger
2461.jpg,happy
2462.jpg,neutral
2463.jpg,contempt
2464.jpg,anger
2465.jpg,neutral
2466.jpg,happy
2467.jpg,sad
2468.jpg,sad
2469.jpg,sad
2470.jpg,surprise
2471.jpg,contempt
2472.jpg,neutral
2473.jpg,sad
2474.jpg,surprise
2475.jpg,sad
2476.jpg,uncertain
2477.jpg,sad
2478.jpg,neutral
2479.jpg,fear
2480.jpg,fear
2481.jpg,anger
2482.jpg,sad
2483.jpg,happy
2484.jpg,disgust
2485.jpg,surprise
2486.jpg,uncertain
2487.jpg,sad
2488.jpg,happy
2489.jpg,disgust
2490.jpg,sad
2491.jpg,anger
2492.jpg,neutral
2493.jpg,sad
2494.jpg,happy
2495.jpg,happy
2496.jpg,uncertain
2497.jpg,anger
2498.jpg,surprise
2499.jpg,sad
2500.jpg,fear
2501.jpg,happy
2502.jpg,uncertain
2503.jpg,happy
2504.jpg,contempt
2505.jpg,anger
2506.jpg,contempt
2507.jpg,anger
2508.jpg,uncertain
2509.jpg,neutral
2510.jpg,happy
2511.jpg,surprise
2512.jpg,surprise
2513.jpg,sad
2514.jpg,contempt
2515.jpg,surprise
2516.jpg,surprise
2517.jpg,neutral
2518.jpg,sad
2519.jpg,surprise
2520.jpg,happy
2521.jpg,anger
2522.jpg,happy
2523.jpg,happy
2524.jpg,anger
2525.jpg,surprise
2526.jpg,surprise
2527.jpg,contempt
2528.jpg,uncertain
2529.jpg,anger
2530.jpg,sad
2531.jpg,sad
2532.jpg,disgust
2533.jpg,neutral
2534.jpg,fear
2535.jpg,fear
2536.jpg,anger
2537.jpg,neutral
2538.jpg,surprise
2539.jpg,surprise
2540.jpg,sad
2541.jpg,happy
2542.jpg,anger
2543.jpg,happy
2544.jpg,uncertain
2545.jpg,contempt
2546.jpg,neutral
2547.jpg,uncertain
2548.jpg,surprise
2549.jpg,neutral
2550.jpg,fear
2551.jpg,contempt
2552.jpg,neutral
2553.jpg,uncertain
2554.jpg,happy
2555.jpg,neutral
2556.jpg,neutral
2557.jpg,neutral
2558.jpg,sad
2559.jpg,happy
2560.jpg,neutral
2561.jpg,fear
2562.jpg,surprise
2563.jpg,happy
2564.jpg,happy
2565.jpg,surprise
2566.jpg,disgust
2567.jpg,uncertain
2568.jpg,neutral
2569.jpg,anger
2570.jpg,anger
2571.jpg,uncertain
2572.jpg,contempt
2573.jpg,surprise
2574.jpg,sad
2575.jpg,fear
2576.jpg,surprise
2577.jpg,anger
2578.jpg,fear
2579.jpg,neutral
2580.jpg,fear
2581.jpg,uncertain
2582.jpg,sad
2583.jpg,anger
2584.jpg,contempt
2585.jpg,uncertain
2586.jpg,happy
2587.jpg,anger
2588.jpg,sad
2589.jpg,surprise
2590.jpg,surprise
2591.jpg,anger
2592.jpg,surprise
2593.jpg,neutral
2594.jpg,neutral
2595.jpg,anger
2596.jpg,fear
2597.jpg,neutral
2598.jpg,surprise
2599.jpg,disgust
2600.jpg,happy
2601.jpg,happy
2602.jpg,happy
2603.jpg,surprise
2604.jpg,anger
2605.jpg,contempt
2606.jpg,neutral
2607.jpg,sad
2608.jpg,neutral
2609.jpg,fear
2610.jpg,sad
2611.jpg,sad
2612.jpg,sad
2613.jpg,sad
2614.jpg,sad
2615.jpg,fear
2616.jpg,happy
2617.jpg,happy
2618.jpg,neutral
2619.jpg,surprise
2620.jpg,happy
2621.jpg,contempt
2622.jpg,contempt
2623.jpg,sad
2624.jpg,neutral
2625.jpg,uncertain
2626.jpg,neutral
2627.jpg,sad
2628.jpg,contempt
2629.jpg,fear
2630.jpg,surprise
2631.jpg,happy
2632.jpg,fear
2633.jpg,surprise
2634.jpg,neutral
2635.jpg,happy
2636.jpg,anger
2637.jpg,happy
2638.jpg,uncertain
2639.jpg,uncertain
2640.jpg,neutral
2641.jpg,fear
2642.jpg,sad
2643.jpg,contempt
2644.jpg,happy
2645.jpg,neutral
2646.jpg,anger
2647.jpg,surprise
2648.jpg,uncertain
2649.jpg,contempt
2650.jpg,surprise
2651.jpg,anger
2652.jpg,happy
2653.jpg,uncertain
2654.jpg,surprise
2655.jpg,happy
2656.jpg,neutral
2657.jpg,surprise
2658.jpg,disgust
2659.jpg,sad
2660.jpg,fear
2661.jpg,sad
2662.jpg,contempt
2663.jpg,anger
2664.jpg,neutral
2665.jpg,fear
2666.jpg,surprise
2667.jpg,contempt
2668.jpg,anger
2669.jpg,anger
2670.jpg,surprise
2671.jpg,happy
2672.jpg,neutral
2673.jpg,surprise
2674.jpg,anger
2675.jpg,neutral
2676.jpg,fear
2677.jpg,sad
2678.jpg,happy
2679.jpg,neutral
2680.jpg,sad
2681.jpg,neutral
2682.jpg,sad
2683.jpg,sad
2684.jpg,sad
2685.jpg,sad
2686.jpg,sad
2687.jpg,sad
2688.jpg,sad
2689.jpg,uncertain
2690.jpg,neutral
2691.jpg,anger
2692.jpg,neutral
2693.jpg,sad
2694.jpg,surprise
2695.jpg,surprise
2696.jpg,sad
2697.jpg,neutral
2698.jpg,happy
2699.jpg,sad
2700.jpg,neutral
2701.jpg,sad
2702.jpg,contempt
2703.jpg,happy
2704.jpg,neutral
2705.jpg,surprise
2706.jpg,anger
2707.jpg,contempt
2708.jpg,anger
2709.jpg,neutral
2710.jpg,uncertain
2711.jpg,surprise
2712.jpg,anger
2713.jpg,neutral
2714.jpg,surprise
2715.jpg,surprise
2716.jpg,fear
2717.jpg,neutral
2718.jpg,neutral
2719.jpg,fear
2720.jpg,sad
2721.jpg,sad
2722.jpg,neutral
2723.jpg,happy
2724.jpg,uncertain
2725.jpg,happy
2726.jpg,anger
2727.jpg,surprise
2728.jpg,fear
2729.jpg,surprise
2730.jpg,anger
2731.jpg,anger
2732.jpg,neutral
2733.jpg,surprise
2734.jpg,sad
2735.jpg,surprise
2736.jpg,fear
2737.jpg,fear
2738.jpg,surprise
2739.jpg,uncertain
2740.jpg,surprise
2741.jpg,anger
2742.jpg,surprise
2743.jpg,surprise
2744.jpg,uncertain
2745.jpg,neutral
2746.jpg,disgust
2747.jpg,sad
2748.jpg,anger
2749.jpg,neutral
2750.jpg,fear
2751.jpg,anger
2752.jpg,fear
2753.jpg,happy
2754.jpg,neutral
2755.jpg,surprise
2756.jpg,sad
2757.jpg,anger
2758.jpg,happy
2759.jpg,anger
2760.jpg,anger
2761.jpg,neutral
2762.jpg,neutral
2763.jpg,happy
2764.jpg,neutral
2765.jpg,fear
2766.jpg,sad
2767.jpg,fear
2768.jpg,happy
2769.jpg,neutral
2770.jpg,neutral
2771.jpg,sad
2772.jpg,fear
2773.jpg,fear
2774.jpg,happy
2775.jpg,happy
2776.jpg,neutral
2777.jpg,surprise
2778.jpg,fear
2779.jpg,happy
2780.jpg,fear
2781.jpg,sad
2782.jpg,fear
2783.jpg,sad
2784.jpg,neutral
2785.jpg,sad
2786.jpg,happy
2787.jpg,sad
2788.jpg,anger
2789.jpg,neutral
2790.jpg,sad
2791.jpg,surprise
2792.jpg,sad
2793.jpg,anger
2794.jpg,anger
2795.jpg,uncertain
2796.jpg,anger
2797.jpg,sad
2798.jpg,surprise
2799.jpg,sad
2800.jpg,happy
2801.jpg,sad
2802.jpg,fear
2803.jpg,contempt
2804.jpg,surprise
2805.jpg,anger
2806.jpg,anger
2807.jpg,disgust
2808.jpg,fear
2809.jpg,disgust
2810.jpg,sad
2811.jpg,sad
2812.jpg,anger
2813.jpg,surprise
2814.jpg,surprise
2815.jpg,contempt
2816.jpg,uncertain
2817.jpg,neutral
2818.jpg,fear
2819.jpg,surprise
2820.jpg,happy
2821.jpg,sad
2822.jpg,surprise
2823.jpg,sad
2824.jpg,disgust
2825.jpg,sad
2826.jpg,happy
2827.jpg,fear
2828.jpg,uncertain
2829.jpg,anger
2830.jpg,fear
2831.jpg,uncertain
2832.jpg,disgust
2833.jpg,surprise
2834.jpg,neutral
2835.jpg,fear
2836.jpg,happy
2837.jpg,anger
2838.jpg,anger
2839.jpg,fear
2840.jpg,neutral
2841.jpg,surprise
2842.jpg,contempt
2843.jpg,fear
2844.jpg,surprise
2845.jpg,surprise
2846.jpg,neutral
2847.jpg,surprise
2848.jpg,surprise
2849.jpg,surprise
2850.jpg,anger
2851.jpg,contempt
2852.jpg,anger
2853.jpg,neutral
2854.jpg,anger
2855.jpg,contempt
2856.jpg,neutral
2857.jpg,sad
2858.jpg,fear
2859.jpg,neutral
2860.jpg,fear
2861.jpg,disgust
2862.jpg,surprise
2863.jpg,neutral
2864.jpg,neutral
2865.jpg,sad
2866.jpg,surprise
2867.jpg,anger
2868.jpg,sad
2869.jpg,sad
2870.jpg,neutral
2871.jpg,sad
2872.jpg,sad
2873.jpg,fear
2874.jpg,surprise
2875.jpg,fear
2876.jpg,surprise
2877.jpg,surprise
2878.jpg,anger
2879.jpg,fear
2880.jpg,happy
2881.jpg,surprise
2882.jpg,contempt
2883.jpg,happy
2884.jpg,sad
2885.jpg,anger
2886.jpg,anger
2887.jpg,happy
2888.jpg,contempt
2889.jpg,neutral
2890.jpg,surprise
2891.jpg,uncertain
2892.jpg,anger
2893.jpg,uncertain
2894.jpg,anger
2895.jpg,fear
2896.jpg,surprise
2897.jpg,contempt
2898.jpg,disgust
2899.jpg,fear
2900.jpg,surprise
2901.jpg,anger
2902.jpg,anger
2903.jpg,anger
2904.jpg,anger
2905.jpg,anger
2906.jpg,contempt
2907.jpg,sad
2908.jpg,anger
2909.jpg,neutral
2910.jpg,uncertain
2911.jpg,sad
2912.jpg,anger
2913.jpg,contempt
2914.jpg,contempt
2915.jpg,fear
2916.jpg,fear
2917.jpg,uncertain
2918.jpg,uncertain
2919.jpg,sad
2920.jpg,neutral
2921.jpg,anger
2922.jpg,neutral
2923.jpg,contempt
2924.jpg,neutral
2925.jpg,happy
2926.jpg,happy
2927.jpg,surprise
2928.jpg,uncertain
2929.jpg,sad
2930.jpg,anger
2931.jpg,surprise
2932.jpg,sad
2933.jpg,neutral
2934.jpg,anger
2935.jpg,neutral
2936.jpg,neutral
2937.jpg,anger
2938.jpg,anger
2939.jpg,contempt
2940.jpg,happy
2941.jpg,neutral
2942.jpg,neutral
2943.jpg,sad
2944.jpg,sad
2945.jpg,happy
2946.jpg,anger
2947.jpg,anger
2948.jpg,uncertain
2949.jpg,sad
2950.jpg,contempt
2951.jpg,happy
2952.jpg,sad
2953.jpg,happy
2954.jpg,sad
2955.jpg,anger
2956.jpg,fear
2957.jpg,anger
2958.jpg,anger
2959.jpg,sad
2960.jpg,contempt
2961.jpg,surprise
2962.jpg,sad
2963.jpg,neutral
2964.jpg,surprise
2965.jpg,anger
2966.jpg,happy
2967.jpg,neutral
2968.jpg,fear
2969.jpg,disgust
2970.jpg,uncertain
2971.jpg,happy
2972.jpg,sad
2973.jpg,anger
2974.jpg,fear
2975.jpg,surprise
2976.jpg,disgust
2977.jpg,sad
2978.jpg,sad
2979.jpg,surprise
2980.jpg,fear
2981.jpg,sad
2982.jpg,anger
2983.jpg,sad
2984.jpg,fear
2985.jpg,surprise
2986.jpg,sad
2987.jpg,neutral
2988.jpg,happy
2989.jpg,disgust
2990.jpg,disgust
2991.jpg,fear
2992.jpg,happy
2993.jpg,disgust
2994.jpg,disgust
2995.jpg,happy
2996.jpg,sad
2997.jpg,sad
2998.jpg,sad
2999.jpg,neutral
3000.jpg,happy
3001.jpg,surprise
3002.jpg,sad
3003.jpg,fear
3004.jpg,uncertain
3005.jpg,surprise
3006.jpg,anger
3007.jpg,surprise
3008.jpg,anger
3009.jpg,anger
3010.jpg,surprise
3011.jpg,anger
3012.jpg,surprise
3013.jpg,neutral
3014.jpg,sad
3015.jpg,happy
3016.jpg,sad
3017.jpg,surprise
3018.jpg,sad
3019.jpg,happy
3020.jpg,anger
3021.jpg,neutral
3022.jpg,neutral
3023.jpg,fear
3024.jpg,sad
3025.jpg,fear
3026.jpg,neutral
3027.jpg,surprise
3028.jpg,surprise
3029.jpg,surprise
3030.jpg,uncertain
3031.jpg,uncertain
3032.jpg,disgust
3033.jpg,happy
3034.jpg,sad
3035.jpg,happy
3036.jpg,uncertain
3037.jpg,disgust
3038.jpg,sad
3039.jpg,sad
3040.jpg,anger
3041.jpg,happy
3042.jpg,disgust
3043.jpg,uncertain
3044.jpg,happy
3045.jpg,contempt
3046.jpg,uncertain
3047.jpg,surprise
3048.jpg,neutral
3049.jpg,sad
3050.jpg,surprise
3051.jpg,disgust
3052.jpg,uncertain
3053.jpg,happy
3054.jpg,anger
3055.jpg,uncertain
3056.jpg,anger
3057.jpg,surprise
3058.jpg,contempt
3059.jpg,disgust
3060.jpg,fear
3061.jpg,neutral
3062.jpg,sad
3063.jpg,anger
3064.jpg,sad
3065.jpg,fear
3066.jpg,fear
3067.jpg,surprise
3068.jpg,happy
3069.jpg,surprise
3070.jpg,sad
3071.jpg,happy
3072.jpg,happy
3073.jpg,happy
3074.jpg,anger
3075.jpg,happy
3076.jpg,disgust
3077.jpg,happy
3078.jpg,uncertain
3079.jpg,anger
3080.jpg,surprise
3081.jpg,sad
3082.jpg,neutral
3083.jpg,sad
3084.jpg,sad
3085.jpg,sad
3086.jpg,disgust
3087.jpg,happy
3088.jpg,surprise
3089.jpg,surprise
3090.jpg,fear
3091.jpg,happy
3092.jpg,surprise
3093.jpg,neutral
3094.jpg,happy
3095.jpg,neutral
3096.jpg,happy
3097.jpg,neutral
3098.jpg,anger
3099.jpg,uncertain
3100.jpg,anger
3101.jpg,sad
3102.jpg,neutral
3103.jpg,surprise
3104.jpg,neutral
3105.jpg,happy
3106.jpg,anger
3107.jpg,surprise
3108.jpg,uncertain
3109.jpg,happy
3110.jpg,surprise
3111.jpg,happy
3112.jpg,anger
3113.jpg,anger
3114.jpg,uncertain
3115.jpg,anger
3116.jpg,anger
3117.jpg,happy
3118.jpg,fear
3119.jpg,surprise
3120.jpg,contempt
3121.jpg,contempt
3122.jpg,sad
3123.jpg,happy
3124.jpg,fear
3125.jpg,neutral
3126.jpg,happy
3127.jpg,surprise
3128.jpg,contempt
3129.jpg,surprise
3130.jpg,surprise
3131.jpg,surprise
3132.jpg,happy
3133.jpg,uncertain
3134.jpg,happy
3135.jpg,sad
3136.jpg,happy
3137.jpg,disgust
3138.jpg,anger
3139.jpg,neutral
3140.jpg,anger
3141.jpg,anger
3142.jpg,surprise
3143.jpg,uncertain
3144.jpg,sad
3145.jpg,sad
3146.jpg,neutral
3147.jpg,sad
3148.jpg,fear
3149.jpg,sad
3150.jpg,fear
3151.jpg,contempt
3152.jpg,sad
3153.jpg,sad
3154.jpg,anger
3155.jpg,neutral
3156.jpg,fear
3157.jpg,neutral
3158.jpg,neutral
3159.jpg,neutral
3160.jpg,surprise
3161.jpg,happy
3162.jpg,neutral
3163.jpg,sad
3164.jpg,anger
3165.jpg,happy
3166.jpg,surprise
3167.jpg,contempt
3168.jpg,anger
3169.jpg,anger
3170.jpg,surprise
3171.jpg,sad
3172.jpg,neutral
3173.jpg,anger
3174.jpg,disgust
3175.jpg,uncertain
3176.jpg,happy
3177.jpg,anger
3178.jpg,sad
3179.jpg,neutral
3180.jpg,surprise
3181.jpg,surprise
3182.jpg,sad
3183.jpg,happy
3184.jpg,anger
3185.jpg,anger
3186.jpg,surprise
3187.jpg,uncertain
3188.jpg,happy
3189.jpg,anger
3190.jpg,happy
3191.jpg,anger
3192.jpg,happy
3193.jpg,happy
3194.jpg,uncertain
3195.jpg,happy
3196.jpg,surprise
3197.jpg,sad
3198.jpg,sad
3199.jpg,sad
3200.jpg,fear
3201.jpg,surprise
3202.jpg,sad
3203.jpg,contempt
3204.jpg,neutral
3205.jpg,neutral
3206.jpg,sad
3207.jpg,contempt
3208.jpg,contempt
3209.jpg,sad
3210.jpg,anger
3211.jpg,uncertain
3212.jpg,anger
3213.jpg,sad
3214.jpg,surprise
3215.jpg,sad
3216.jpg,sad
3217.jpg,anger
3218.jpg,sad
3219.jpg,happy
3220.jpg,sad
3221.jpg,anger
3222.jpg,fear
3223.jpg,surprise
3224.jpg,happy
3225.jpg,fear
3226.jpg,surprise
3227.jpg,sad
3228.jpg,anger
3229.jpg,neutral
3230.jpg,happy
3231.jpg,uncertain
3232.jpg,fear
3233.jpg,sad
3234.jpg,happy
3235.jpg,uncertain
3236.jpg,sad
3237.jpg,anger
3238.jpg,surprise
3239.jpg,sad
3240.jpg,anger
3241.jpg,fear
3242.jpg,happy
3243.jpg,anger
3244.jpg,neutral
3245.jpg,anger
3246.jpg,happy
3247.jpg,sad
3248.jpg,anger
3249.jpg,contempt
3250.jpg,sad
3251.jpg,happy
3252.jpg,uncertain
3253.jpg,sad
3254.jpg,neutral
3255.jpg,anger
3256.jpg,happy
3257.jpg,uncertain
3258.jpg,sad
3259.jpg,happy
3260.jpg,anger
3261.jpg,surprise
3262.jpg,surprise
3263.jpg,happy
3264.jpg,contempt
3265.jpg,anger
3266.jpg,neutral
3267.jpg,uncertain
3268.jpg,neutral
3269.jpg,surprise
3270.jpg,happy
3271.jpg,fear
3272.jpg,anger
3273.jpg,fear
3274.jpg,neutral
3275.jpg,surprise
3276.jpg,fear
3277.jpg,anger
3278.jpg,anger
3279.jpg,happy
3280.jpg,fear
3281.jpg,sad
3282.jpg,happy
3283.jpg,neutral
3284.jpg,neutral
3285.jpg,sad
3286.jpg,fear
3287.jpg,fear
3288.jpg,anger
3289.jpg,surprise
3290.jpg,surprise
3291.jpg,neutral
3292.jpg,sad
3293.jpg,happy
3294.jpg,sad
3295.jpg,anger
3296.jpg,sad
3297.jpg,surprise
3298.jpg,uncertain
3299.jpg,anger
3300.jpg,fear
3301.jpg,neutral
3302.jpg,happy
3303.jpg,anger
3304.jpg,neutral
3305.jpg,happy
3306.jpg,anger
3307.jpg,sad
3308.jpg,sad
3309.jpg,sad
3310.jpg,surprise
3311.jpg,happy
3312.jpg,neutral
3313.jpg,surprise
3314.jpg,happy
3315.jpg,neutral
3316.jpg,sad
3317.jpg,neutral
3318.jpg,surprise
3319.jpg,neutral
3320.jpg,sad
3321.jpg,fear
3322.jpg,surprise
3323.jpg,happy
3324.jpg,happy
3325.jpg,happy
3326.jpg,surprise
3327.jpg,happy
3328.jpg,surprise
3329.jpg,fear
3330.jpg,surprise
3331.jpg,neutral
3332.jpg,sad
3333.jpg,surprise
3334.jpg,happy
3335.jpg,neutral
3336.jpg,anger
3337.jpg,anger
3338.jpg,anger
3339.jpg,uncertain
3340.jpg,happy
3341.jpg,fear
3342.jpg,neutral
3343.jpg,uncertain
3344.jpg,surprise
3345.jpg,happy
3346.jpg,uncertain
3347.jpg,happy
3348.jpg,sad
3349.jpg,surprise
3350.jpg,sad
3351.jpg,anger
3352.jpg,surprise
3353.jpg,surprise
3354.jpg,neutral
3355.jpg,contempt
3356.jpg,neutral
3357.jpg,anger
3358.jpg,happy
3359.jpg,anger
3360.jpg,sad
3361.jpg,neutral
3362.jpg,fear
3363.jpg,surprise
3364.jpg,neutral
3365.jpg,sad
3366.jpg,fear
3367.jpg,fear
3368.jpg,sad
3369.jpg,contempt
3370.jpg,surprise
3371.jpg,fear
3372.jpg,surprise
3373.jpg,anger
3374.jpg,anger
3375.jpg,surprise
3376.jpg,uncertain
3377.jpg,surprise
3378.jpg,neutral
3379.jpg,surprise
3380.jpg,anger
3381.jpg,happy
3382.jpg,happy
3383.jpg,anger
3384.jpg,uncertain
3385.jpg,uncertain
3386.jpg,uncertain
3387.jpg,neutral
3388.jpg,anger
3389.jpg,sad
3390.jpg,fear
3391.jpg,happy
3392.jpg,sad
3393.jpg,sad
3394.jpg,uncertain
3395.jpg,sad
3396.jpg,neutral
3397.jpg,neutral
3398.jpg,disgust
3399.jpg,anger
3400.jpg,surprise
3401.jpg,anger
3402.jpg,anger
3403.jpg,sad
3404.jpg,happy
3405.jpg,happy
3406.jpg,sad
3407.jpg,disgust
3408.jpg,neutral
3409.jpg,sad
3410.jpg,anger
3411.jpg,happy
3412.jpg,happy
3413.jpg,sad
3414.jpg,sad
3415.jpg,surprise
3416.jpg,surprise
3417.jpg,sad
3418.jpg,anger
3419.jpg,anger
3420.jpg,surprise
3421.jpg,neutral
3422.jpg,disgust
3423.jpg,sad
3424.jpg,surprise
3425.jpg,uncertain
3426.jpg,happy
3427.jpg,happy
3428.jpg,anger
3429.jpg,fear
3430.jpg,sad
3431.jpg,uncertain
3432.jpg,sad
3433.jpg,anger
3434.jpg,sad
3435.jpg,neutral
3436.jpg,fear
3437.jpg,surprise
3438.jpg,sad
3439.jpg,happy
3440.jpg,neutral
3441.jpg,contempt
3442.jpg,surprise
3443.jpg,uncertain
3444.jpg,sad
3445.jpg,anger
3446.jpg,contempt
3447.jpg,surprise
3448.jpg,surprise
3449.jpg,contempt
3450.jpg,surprise
3451.jpg,fear
3452.jpg,disgust
3453.jpg,uncertain
3454.jpg,sad
3455.jpg,surprise
3456.jpg,happy
3457.jpg,anger
3458.jpg,sad
3459.jpg,happy
3460.jpg,happy
3461.jpg,uncertain
3462.jpg,anger
3463.jpg,contempt
3464.jpg,sad
3465.jpg,neutral
3466.jpg,fear
3467.jpg,neutral
3468.jpg,neutral
3469.jpg,anger
3470.jpg,surprise
3471.jpg,surprise
3472.jpg,disgust
3473.jpg,happy
3474.jpg,sad
3475.jpg,surprise
3476.jpg,disgust
3477.jpg,surprise
3478.jpg,sad
3479.jpg,fear
3480.jpg,surprise
3481.jpg,neutral
3482.jpg,fear
3483.jpg,anger
3484.jpg,neutral
3485.jpg,happy
3486.jpg,happy
3487.jpg,uncertain
3488.jpg,happy
3489.jpg,disgust
3490.jpg,fear
3491.jpg,anger
3492.jpg,fear
3493.jpg,neutral
3494.jpg,fear
3495.jpg,happy
3496.jpg,happy
3497.jpg,surprise
3498.jpg,fear
3499.jpg,surprise
3500.jpg,surprise
3501.jpg,happy
3502.jpg,happy
3503.jpg,fear
3504.jpg,happy
3505.jpg,anger
3506.jpg,disgust
3507.jpg,surprise
3508.jpg,neutral
3509.jpg,neutral
3510.jpg,disgust
3511.jpg,fear
3512.jpg,sad
3513.jpg,sad
3514.jpg,anger
3515.jpg,sad
3516.jpg,contempt
3517.jpg,neutral
3518.jpg,disgust
3519.jpg,sad
3520.jpg,happy
3521.jpg,sad
3522.jpg,contempt
3523.jpg,sad
3524.jpg,surprise
3525.jpg,surprise
3526.jpg,happy
3527.jpg,sad
3528.jpg,uncertain
3529.jpg,fear
3530.jpg,anger
3531.jpg,fear
3532.jpg,contempt
3533.jpg,anger
3534.jpg,fear
3535.jpg,anger
3536.jpg,neutral
3537.jpg,surprise
3538.jpg,uncertain
3539.jpg,sad
3540.jpg,anger
3541.jpg,surprise
3542.jpg,sad
3543.jpg,happy
3544.jpg,fear
3545.jpg,happy
3546.jpg,anger
3547.jpg,surprise
3548.jpg,sad
3549.jpg,happy
3550.jpg,neutral
3551.jpg,surprise
3552.jpg,neutral
3553.jpg,anger
3554.jpg,sad
3555.jpg,contempt
3556.jpg,anger
3557.jpg,contempt
3558.jpg,sad
3559.jpg,sad
3560.jpg,sad
3561.jpg,sad
3562.jpg,fear
3563.jpg,fear
3564.jpg,surprise
3565.jpg,anger
3566.jpg,fear
3567.jpg,fear
3568.jpg,anger
3569.jpg,sad
3570.jpg,uncertain
3571.jpg,anger
3572.jpg,surprise
3573.jpg,happy
3574.jpg,uncertain
3575.jpg,neutral
3576.jpg,anger
3577.jpg,surprise
3578.jpg,neutral
3579.jpg,contempt
3580.jpg,happy
3581.jpg,fear
3582.jpg,sad
3583.jpg,anger
3584.jpg,anger
3585.jpg,surprise
3586.jpg,contempt
3587.jpg,sad
3588.jpg,anger
3589.jpg,sad
3590.jpg,happy
3591.jpg,uncertain
3592.jpg,surprise
3593.jpg,happy
3594.jpg,happy
3595.jpg,disgust
3596.jpg,anger
3597.jpg,sad
3598.jpg,happy
3599.jpg,surprise
3600.jpg,sad
3601.jpg,neutral
3602.jpg,fear
3603.jpg,surprise
3604.jpg,sad
3605.jpg,fear
3606.jpg,fear
3607.jpg,surprise
3608.jpg,happy
3609.jpg,surprise
3610.jpg,happy
3611.jpg,neutral
3612.jpg,sad
3613.jpg,fear
3614.jpg,sad
3615.jpg,uncertain
3616.jpg,surprise
3617.jpg,anger
3618.jpg,anger
3619.jpg,anger
3620.jpg,uncertain
3621.jpg,anger
3622.jpg,happy
3623.jpg,happy
3624.jpg,neutral
3625.jpg,contempt
3626.jpg,fear
3627.jpg,happy
3628.jpg,neutral
3629.jpg,sad
3630.jpg,anger
3631.jpg,surprise
3632.jpg,anger
3633.jpg,sad
3634.jpg,anger
3635.jpg,sad
3636.jpg,anger
3637.jpg,fear
3638.jpg,sad
3639.jpg,disgust
3640.jpg,anger
3641.jpg,happy
3642.jpg,anger
3643.jpg,sad
3644.jpg,anger
3645.jpg,happy
3646.jpg,happy
3647.jpg,surprise
3648.jpg,happy
3649.jpg,happy
3650.jpg,happy
3651.jpg,surprise
3652.jpg,sad
3653.jpg,fear
3654.jpg,surprise
3655.jpg,surprise
3656.jpg,neutral
3657.jpg,anger
3658.jpg,surprise
3659.jpg,anger
3660.jpg,surprise
3661.jpg,neutral
3662.jpg,anger
3663.jpg,disgust
3664.jpg,surprise
3665.jpg,sad
3666.jpg,sad
3667.jpg,anger
3668.jpg,anger
3669.jpg,sad
3670.jpg,anger
3671.jpg,uncertain
3672.jpg,contempt
3673.jpg,sad
3674.jpg,sad
3675.jpg,surprise
3676.jpg,neutral
3677.jpg,sad
3678.jpg,happy
3679.jpg,anger
3680.jpg,surprise
3681.jpg,disgust
3682.jpg,disgust
3683.jpg,neutral
3684.jpg,fear
3685.jpg,surprise
3686.jpg,anger
3687.jpg,disgust
3688.jpg,happy
3689.jpg,anger
3690.jpg,sad
3691.jpg,surprise
3692.jpg,sad
3693.jpg,happy
3694.jpg,surprise
3695.jpg,anger
3696.jpg,anger
3697.jpg,sad
3698.jpg,anger
3699.jpg,sad
3700.jpg,neutral
3701.jpg,happy
3702.jpg,uncertain
3703.jpg,contempt
3704.jpg,neutral
3705.jpg,disgust
3706.jpg,neutral
3707.jpg,contempt
3708.jpg,fear
3709.jpg,sad
3710.jpg,uncertain
3711.jpg,anger
3712.jpg,surprise
3713.jpg,anger
3714.jpg,sad
3715.jpg,uncertain
3716.jpg,surprise
3717.jpg,anger
3718.jpg,fear
3719.jpg,fear
3720.jpg,anger
3721.jpg,anger
3722.jpg,anger
3723.jpg,surprise
3724.jpg,uncertain
3725.jpg,sad
3726.jpg,sad
3727.jpg,fear
3728.jpg,sad
3729.jpg,neutral
3730.jpg,uncertain
3731.jpg,happy
3732.jpg,neutral
3733.jpg,happy
3734.jpg,contempt
3735.jpg,anger
3736.jpg,surprise
3737.jpg,contempt
3738.jpg,surprise
3739.jpg,surprise
3740.jpg,fear
3741.jpg,sad
3742.jpg,sad
3743.jpg,fear
3744.jpg,anger
3745.jpg,sad
3746.jpg,disgust
3747.jpg,uncertain
3748.jpg,anger
3749.jpg,sad
3750.jpg,surprise
3751.jpg,fear
3752.jpg,neutral
3753.jpg,anger
3754.jpg,neutral
3755.jpg,surprise
3756.jpg,happy
3757.jpg,neutral
3758.jpg,uncertain
3759.jpg,anger
3760.jpg,sad
3761.jpg,neutral
3762.jpg,neutral
3763.jpg,surprise
3764.jpg,surprise
3765.jpg,anger
3766.jpg,happy
3767.jpg,surprise
3768.jpg,surprise
3769.jpg,fear
3770.jpg,happy
3771.jpg,anger
3772.jpg,disgust
3773.jpg,anger
3774.jpg,neutral
3775.jpg,sad
3776.jpg,surprise
3777.jpg,neutral
3778.jpg,disgust
3779.jpg,surprise
3780.jpg,sad
3781.jpg,anger
3782.jpg,happy
3783.jpg,uncertain
3784.jpg,surprise
3785.jpg,anger
3786.jpg,anger
3787.jpg,surprise
3788.jpg,sad
3789.jpg,sad
3790.jpg,fear
3791.jpg,sad
3792.jpg,surprise
3793.jpg,contempt
3794.jpg,sad
3795.jpg,anger
3796.jpg,anger
3797.jpg,fear
3798.jpg,surprise
3799.jpg,anger
3800.jpg,contempt
3801.jpg,neutral
3802.jpg,neutral
3803.jpg,surprise
3804.jpg,fear
3805.jpg,disgust
3806.jpg,happy
3807.jpg,uncertain
3808.jpg,contempt
3809.jpg,happy
3810.jpg,uncertain
3811.jpg,surprise
3812.jpg,anger
3813.jpg,happy
3814.jpg,anger
3815.jpg,anger
3816.jpg,happy
3817.jpg,fear
3818.jpg,neutral
3819.jpg,anger
3820.jpg,anger
3821.jpg,neutral
3822.jpg,neutral
3823.jpg,surprise
3824.jpg,happy
3825.jpg,happy
3826.jpg,anger
3827.jpg,surprise
3828.jpg,uncertain
3829.jpg,surprise
3830.jpg,anger
3831.jpg,sad
3832.jpg,uncertain
3833.jpg,sad
3834.jpg,surprise
3835.jpg,anger
3836.jpg,neutral
3837.jpg,anger
3838.jpg,happy
3839.jpg,happy
3840.jpg,fear
3841.jpg,happy
3842.jpg,neutral
3843.jpg,anger
3844.jpg,contempt
3845.jpg,fear
3846.jpg,sad
3847.jpg,happy
3848.jpg,fear
3849.jpg,sad
3850.jpg,fear
3851.jpg,disgust
3852.jpg,fear
3853.jpg,neutral
3854.jpg,sad
3855.jpg,fear
3856.jpg,anger
3857.jpg,surprise
3858.jpg,sad
3859.jpg,happy
3860.jpg,neutral
3861.jpg,happy
3862.jpg,happy
3863.jpg,anger
3864.jpg,neutral
3865.jpg,disgust
3866.jpg,surprise
3867.jpg,fear
3868.jpg,contempt
3869.jpg,sad
3870.jpg,happy
3871.jpg,anger
3872.jpg,surprise
3873.jpg,happy
3874.jpg,neutral
3875.jpg,anger
3876.jpg,disgust
3877.jpg,sad
3878.jpg,sad
3879.jpg,anger
3880.jpg,fear
3881.jpg,anger
3882.jpg,anger
3883.jpg,anger
3884.jpg,neutral
3885.jpg,anger
3886.jpg,disgust
3887.jpg,anger
3888.jpg,happy
3889.jpg,sad
3890.jpg,surprise
3891.jpg,happy
3892.jpg,anger
3893.jpg,sad
3894.jpg,sad
3895.jpg,sad
3896.jpg,disgust
3897.jpg,contempt
3898.jpg,anger
3899.jpg,contempt
3900.jpg,neutral
3901.jpg,happy
3902.jpg,uncertain
3903.jpg,happy
3904.jpg,neutral
3905.jpg,neutral
3906.jpg,sad
3907.jpg,anger
3908.jpg,contempt
3909.jpg,neutral
3910.jpg,happy
3911.jpg,sad
3912.jpg,uncertain
3913.jpg,happy
3914.jpg,neutral
3915.jpg,disgust
3916.jpg,uncertain
3917.jpg,surprise
3918.jpg,neutral
3919.jpg,neutral
3920.jpg,uncertain
3921.jpg,surprise
3922.jpg,anger
3923.jpg,surprise
3924.jpg,contempt
3925.jpg,fear
3926.jpg,disgust
3927.jpg,disgust
3928.jpg,sad
3929.jpg,anger
3930.jpg,fear
3931.jpg,sad
3932.jpg,neutral
3933.jpg,sad
3934.jpg,anger
3935.jpg,surprise
3936.jpg,neutral
3937.jpg,anger
3938.jpg,happy
3939.jpg,happy
3940.jpg,contempt
3941.jpg,surprise
3942.jpg,happy
3943.jpg,surprise
3944.jpg,fear
3945.jpg,neutral
3946.jpg,anger
3947.jpg,fear
3948.jpg,anger
3949.jpg,anger
3950.jpg,surprise
3951.jpg,anger
3952.jpg,anger
3953.jpg,surprise
3954.jpg,anger
3955.jpg,surprise
3956.jpg,surprise
3957.jpg,neutral
3958.jpg,sad
3959.jpg,surprise
3960.jpg,anger
3961.jpg,sad
3962.jpg,uncertain
3963.jpg,contempt
3964.jpg,happy
3965.jpg,uncertain
3966.jpg,uncertain
3967.jpg,sad
3968.jpg,anger
3969.jpg,anger
3970.jpg,anger
3971.jpg,happy
3972.jpg,contempt
3973.jpg,happy
3974.jpg,disgust
3975.jpg,neutral
3976.jpg,happy
3977.jpg,neutral
3978.jpg,surprise
3979.jpg,sad
3980.jpg,disgust
3981.jpg,surprise
3982.jpg,anger
3983.jpg,surprise
3984.jpg,anger
3985.jpg,sad
3986.jpg,surprise
3987.jpg,contempt
3988.jpg,anger
3989.jpg,happy
3990.jpg,contempt
3991.jpg,neutral
3992.jpg,surprise
3993.jpg,anger
3994.jpg,neutral
3995.jpg,sad
3996.jpg,happy
3997.jpg,neutral
3998.jpg,happy
3999.jpg,happy
4000.jpg,surprise
4001.jpg,sad
4002.jpg,neutral
4003.jpg,sad
4004.jpg,contempt
4005.jpg,sad
4006.jpg,sad
4007.jpg,neutral
4008.jpg,sad
4009.jpg,sad
4010.jpg,happy
4011.jpg,contempt
4012.jpg,uncertain
4013.jpg,uncertain
4014.jpg,sad
4015.jpg,happy
4016.jpg,anger
4017.jpg,anger
4018.jpg,anger
4019.jpg,neutral
4020.jpg,happy
4021.jpg,sad
4022.jpg,happy
4023.jpg,sad
4024.jpg,neutral
4025.jpg,happy
4026.jpg,uncertain
4027.jpg,surprise
4028.jpg,happy
4029.jpg,surprise
4030.jpg,sad
4031.jpg,fear
4032.jpg,uncertain
4033.jpg,anger
4034.jpg,uncertain
4035.jpg,fear
4036.jpg,happy
4037.jpg,neutral
4038.jpg,uncertain
4039.jpg,anger
4040.jpg,happy
4041.jpg,neutral
4042.jpg,anger
4043.jpg,sad
4044.jpg,anger
4045.jpg,happy
4046.jpg,happy
4047.jpg,sad
4048.jpg,fear
4049.jpg,anger
4050.jpg,happy
4051.jpg,neutral
4052.jpg,anger
4053.jpg,neutral
4054.jpg,sad
4055.jpg,anger
4056.jpg,neutral
4057.jpg,sad
4058.jpg,neutral
4059.jpg,neutral
4060.jpg,neutral
4061.jpg,anger
4062.jpg,contempt
4063.jpg,anger
4064.jpg,sad
4065.jpg,surprise
4066.jpg,sad
4067.jpg,contempt
4068.jpg,contempt
4069.jpg,surprise
4070.jpg,sad
4071.jpg,neutral
4072.jpg,sad
4073.jpg,happy
4074.jpg,happy
4075.jpg,neutral
4076.jpg,sad
4077.jpg,neutral
4078.jpg,anger
4079.jpg,surprise
4080.jpg,neutral
4081.jpg,surprise
4082.jpg,anger
4083.jpg,happy
4084.jpg,uncertain
4085.jpg,surprise
4086.jpg,uncertain
4087.jpg,sad
4088.jpg,surprise
4089.jpg,happy
4090.jpg,neutral
4091.jpg,anger
4092.jpg,sad
4093.jpg,disgust
4094.jpg,anger
4095.jpg,sad
4096.jpg,sad
4097.jpg,uncertain
4098.jpg,contempt
4099.jpg,fear
4100.jpg,surprise
4101.jpg,contempt
4102.jpg,uncertain
4103.jpg,sad
4104.jpg,sad
4105.jpg,sad
4106.jpg,happy
4107.jpg,anger
4108.jpg,surprise
4109.jpg,sad
4110.jpg,surprise
4111.jpg,sad
4112.jpg,sad
4113.jpg,anger
4114.jpg,sad
4115.jpg,contempt
4116.jpg,neutral
4117.jpg,surprise
4118.jpg,anger
4119.jpg,sad
4120.jpg,surprise
4121.jpg,neutral
4122.jpg,neutral
4123.jpg,anger
4124.jpg,fear
4125.jpg,uncertain
4126.jpg,surprise
4127.jpg,surprise
4128.jpg,contempt
4129.jpg,uncertain
4130.jpg,happy
4131.jpg,sad
4132.jpg,uncertain
4133.jpg,anger
4134.jpg,surprise
4135.jpg,anger
4136.jpg,sad
4137.jpg,fear
4138.jpg,uncertain
4139.jpg,contempt
4140.jpg,uncertain
4141.jpg,sad
4142.jpg,contempt
4143.jpg,anger
4144.jpg,neutral
4145.jpg,anger
4146.jpg,neutral
4147.jpg,neutral
4148.jpg,anger
4149.jpg,sad
4150.jpg,anger
4151.jpg,neutral
4152.jpg,happy
4153.jpg,happy
4154.jpg,anger
4155.jpg,happy
4156.jpg,happy
4157.jpg,anger
4158.jpg,neutral
4159.jpg,anger
4160.jpg,neutral
4161.jpg,happy
4162.jpg,anger
4163.jpg,uncertain
4164.jpg,anger
4165.jpg,sad
4166.jpg,surprise
4167.jpg,anger
4168.jpg,disgust
4169.jpg,happy
4170.jpg,happy
4171.jpg,sad
4172.jpg,surprise
4173.jpg,contempt
4174.jpg,uncertain
4175.jpg,neutral
4176.jpg,surprise
4177.jpg,sad
4178.jpg,uncertain
4179.jpg,happy
4180.jpg,neutral
4181.jpg,neutral
4182.jpg,happy
4183.jpg,sad
4184.jpg,sad
4185.jpg,disgust
4186.jpg,happy
4187.jpg,contempt
4188.jpg,happy
4189.jpg,happy
4190.jpg,disgust
4191.jpg,anger
4192.jpg,uncertain
4193.jpg,anger
4194.jpg,anger
4195.jpg,uncertain
4196.jpg,surprise
4197.jpg,contempt
4198.jpg,neutral
4199.jpg,happy
4200.jpg,neutral
4201.jpg,sad
4202.jpg,neutral
4203.jpg,neutral
4204.jpg,neutral
4205.jpg,sad
4206.jpg,anger
4207.jpg,happy
4208.jpg,sad
4209.jpg,neutral
4210.jpg,sad
4211.jpg,fear
4212.jpg,disgust
4213.jpg,sad
4214.jpg,sad
4215.jpg,surprise
4216.jpg,contempt
4217.jpg,happy
4218.jpg,fear
4219.jpg,surprise
4220.jpg,sad
4221.jpg,fear
4222.jpg,anger
4223.jpg,fear
4224.jpg,neutral
4225.jpg,happy
4226.jpg,happy
4227.jpg,fear
4228.jpg,anger
4229.jpg,surprise
4230.jpg,happy
4231.jpg,anger
4232.jpg,neutral
4233.jpg,happy
4234.jpg,happy
4235.jpg,contempt
4236.jpg,sad
4237.jpg,surprise
4238.jpg,surprise
4239.jpg,sad
4240.jpg,contempt
4241.jpg,sad
4242.jpg,disgust
4243.jpg,neutral
4244.jpg,sad
4245.jpg,neutral
4246.jpg,neutral
4247.jpg,neutral
4248.jpg,anger
4249.jpg,anger
4250.jpg,surprise
4251.jpg,anger
4252.jpg,anger
4253.jpg,contempt
4254.jpg,neutral
4255.jpg,disgust
4256.jpg,surprise
4257.jpg,anger
4258.jpg,anger
4259.jpg,neutral
4260.jpg,surprise
4261.jpg,happy
4262.jpg,sad
4263.jpg,happy
4264.jpg,disgust
4265.jpg,surprise
4266.jpg,uncertain
4267.jpg,happy
4268.jpg,fear
4269.jpg,sad
4270.jpg,sad
4271.jpg,happy
4272.jpg,surprise
4273.jpg,disgust
4274.jpg,happy
4275.jpg,happy
4276.jpg,fear
4277.jpg,uncertain
4278.jpg,neutral
4279.jpg,neutral
4280.jpg,neutral
4281.jpg,contempt
4282.jpg,disgust
4283.jpg,anger
4284.jpg,happy
4285.jpg,disgust
4286.jpg,uncertain
4287.jpg,sad
4288.jpg,anger
4289.jpg,fear
4290.jpg,sad
4291.jpg,sad
4292.jpg,anger
4293.jpg,disgust
4294.jpg,happy
4295.jpg,anger
4296.jpg,fear
4297.jpg,contempt
4298.jpg,sad
4299.jpg,surprise
4300.jpg,sad
4301.jpg,uncertain
4302.jpg,fear
4303.jpg,contempt
4304.jpg,fear
4305.jpg,disgust
4306.jpg,sad
4307.jpg,happy
4308.jpg,surprise
4309.jpg,anger
4310.jpg,disgust
4311.jpg,anger
4312.jpg,anger
4313.jpg,neutral
4314.jpg,disgust
4315.jpg,happy
4316.jpg,uncertain
4317.jpg,happy
4318.jpg,neutral
4319.jpg,fear
4320.jpg,anger
4321.jpg,happy
4322.jpg,happy
4323.jpg,surprise
4324.jpg,contempt
4325.jpg,sad
4326.jpg,sad
4327.jpg,happy
4328.jpg,anger
4329.jpg,uncertain
4330.jpg,neutral
4331.jpg,happy
4332.jpg,happy
4333.jpg,anger
4334.jpg,surprise
4335.jpg,anger
4336.jpg,surprise
4337.jpg,happy
4338.jpg,sad
4339.jpg,fear
4340.jpg,fear
4341.jpg,anger
4342.jpg,happy
4343.jpg,uncertain
4344.jpg,contempt
4345.jpg,happy
4346.jpg,uncertain
4347.jpg,sad
4348.jpg,anger
4349.jpg,surprise
4350.jpg,surprise
4351.jpg,sad
4352.jpg,surprise
4353.jpg,happy
4354.jpg,sad
4355.jpg,anger
4356.jpg,sad
4357.jpg,anger
4358.jpg,happy
4359.jpg,happy
4360.jpg,sad
4361.jpg,happy
4362.jpg,surprise
4363.jpg,surprise
4364.jpg,fear
4365.jpg,happy
4366.jpg,sad
4367.jpg,anger
4368.jpg,sad
4369.jpg,happy
4370.jpg,happy
4371.jpg,fear
4372.jpg,anger
4373.jpg,contempt
4374.jpg,sad
4375.jpg,sad
4376.jpg,surprise
4377.jpg,sad
4378.jpg,anger
4379.jpg,uncertain
4380.jpg,anger
4381.jpg,happy
4382.jpg,surprise
4383.jpg,fear
4384.jpg,anger
4385.jpg,happy
4386.jpg,anger
4387.jpg,anger
4388.jpg,fear
4389.jpg,anger
4390.jpg,happy
4391.jpg,disgust
4392.jpg,anger
4393.jpg,sad
4394.jpg,neutral
4395.jpg,surprise
4396.jpg,neutral
4397.jpg,neutral
4398.jpg,anger
4399.jpg,neutral
4400.jpg,surprise
4401.jpg,happy
4402.jpg,anger
4403.jpg,anger
4404.jpg,surprise
4405.jpg,happy
4406.jpg,anger
4407.jpg,neutral
4408.jpg,surprise
4409.jpg,happy
4410.jpg,anger
4411.jpg,contempt
4412.jpg,neutral
4413.jpg,fear
4414.jpg,fear
4415.jpg,neutral
4416.jpg,sad
4417.jpg,anger
4418.jpg,happy
4419.jpg,happy
4420.jpg,surprise
4421.jpg,anger
4422.jpg,sad
4423.jpg,neutral
4424.jpg,happy
4425.jpg,surprise
4426.jpg,neutral
4427.jpg,sad
4428.jpg,fear
4429.jpg,neutral
4430.jpg,anger
4431.jpg,surprise
4432.jpg,sad
4433.jpg,contempt
4434.jpg,disgust
4435.jpg,contempt
4436.jpg,neutral
4437.jpg,anger
4438.jpg,neutral
4439.jpg,happy
4440.jpg,fear
4441.jpg,neutral
4442.jpg,contempt
4443.jpg,sad
4444.jpg,anger
4445.jpg,surprise
4446.jpg,sad
4447.jpg,surprise
4448.jpg,sad
4449.jpg,anger
4450.jpg,sad
4451.jpg,disgust
4452.jpg,disgust
4453.jpg,sad
4454.jpg,happy
4455.jpg,contempt
4456.jpg,surprise
4457.jpg,surprise
4458.jpg,neutral
4459.jpg,disgust
4460.jpg,anger
4461.jpg,contempt
4462.jpg,happy
4463.jpg,anger
4464.jpg,fear
4465.jpg,anger
4466.jpg,neutral
4467.jpg,uncertain
4468.jpg,happy
4469.jpg,anger
4470.jpg,happy
4471.jpg,sad
4472.jpg,happy
4473.jpg,disgust
4474.jpg,neutral
4475.jpg,disgust
4476.jpg,uncertain
4477.jpg,surprise
4478.jpg,sad
4479.jpg,surprise
4480.jpg,sad
4481.jpg,surprise
4482.jpg,surprise
4483.jpg,contempt
4484.jpg,anger
4485.jpg,fear
4486.jpg,sad
4487.jpg,sad
4488.jpg,happy
4489.jpg,fear
4490.jpg,anger
4491.jpg,surprise
4492.jpg,fear
4493.jpg,fear
4494.jpg,uncertain
4495.jpg,disgust
4496.jpg,happy
4497.jpg,anger
4498.jpg,sad
4499.jpg,happy
4500.jpg,uncertain
4501.jpg,anger
4502.jpg,fear
4503.jpg,neutral
4504.jpg,neutral
4505.jpg,sad
4506.jpg,sad
4507.jpg,anger
4508.jpg,sad
4509.jpg,neutral
4510.jpg,neutral
4511.jpg,surprise
4512.jpg,surprise
4513.jpg,anger
4514.jpg,uncertain
4515.jpg,contempt
4516.jpg,happy
4517.jpg,disgust
4518.jpg,neutral
4519.jpg,anger
4520.jpg,disgust
4521.jpg,sad
4522.jpg,anger
4523.jpg,anger
4524.jpg,uncertain
4525.jpg,sad
4526.jpg,uncertain
4527.jpg,neutral
4528.jpg,neutral
4529.jpg,fear
4530.jpg,neutral
4531.jpg,anger
4532.jpg,fear
4533.jpg,anger
4534.jpg,happy
4535.jpg,sad
4536.jpg,anger
4537.jpg,anger
4538.jpg,sad
4539.jpg,anger
4540.jpg,sad
4541.jpg,contempt
4542.jpg,sad
4543.jpg,sad
4544.jpg,sad
4545.jpg,uncertain
4546.jpg,sad
4547.jpg,happy
4548.jpg,surprise
4549.jpg,surprise
4550.jpg,fear
4551.jpg,neutral
4552.jpg,neutral
4553.jpg,sad
4554.jpg,uncertain
4555.jpg,neutral
4556.jpg,neutral
4557.jpg,sad
4558.jpg,uncertain
4559.jpg,disgust
4560.jpg,sad
4561.jpg,fear
4562.jpg,anger
4563.jpg,happy
4564.jpg,happy
4565.jpg,anger
4566.jpg,sad
4567.jpg,anger
4568.jpg,sad
4569.jpg,fear
4570.jpg,sad
4571.jpg,surprise
4572.jpg,contempt
4573.jpg,sad
4574.jpg,happy
4575.jpg,neutral
4576.jpg,neutral
4577.jpg,surprise
4578.jpg,happy
4579.jpg,surprise
4580.jpg,surprise
4581.jpg,neutral
4582.jpg,sad
4583.jpg,surprise
4584.jpg,disgust
4585.jpg,neutral
4586.jpg,contempt
4587.jpg,fear
4588.jpg,uncertain
4589.jpg,sad
4590.jpg,uncertain
4591.jpg,anger
4592.jpg,neutral
4593.jpg,sad
4594.jpg,happy
4595.jpg,uncertain
4596.jpg,sad
4597.jpg,neutral
4598.jpg,neutral
4599.jpg,fear
4600.jpg,neutral
4601.jpg,anger
4602.jpg,neutral
4603.jpg,anger
4604.jpg,disgust
4605.jpg,sad
4606.jpg,sad
4607.jpg,happy
4608.jpg,sad
4609.jpg,uncertain
4610.jpg,fear
4611.jpg,disgust
4612.jpg,happy
4613.jpg,neutral
4614.jpg,sad
4615.jpg,fear
4616.jpg,happy
4617.jpg,sad
4618.jpg,disgust
4619.jpg,happy
4620.jpg,sad
4621.jpg,neutral
4622.jpg,sad
4623.jpg,uncertain
4624.jpg,fear
4625.jpg,sad
4626.jpg,happy
4627.jpg,anger
4628.jpg,surprise
4629.jpg,neutral
4630.jpg,sad
4631.jpg,neutral
4632.jpg,contempt
4633.jpg,anger
4634.jpg,neutral
4635.jpg,anger
4636.jpg,anger
4637.jpg,surprise
4638.jpg,neutral
4639.jpg,neutral
4640.jpg,anger
4641.jpg,neutral
4642.jpg,sad
4643.jpg,neutral
4644.jpg,sad
4645.jpg,anger
4646.jpg,happy
4647.jpg,anger
4648.jpg,contempt
4649.jpg,uncertain
4650.jpg,anger
4651.jpg,disgust
4652.jpg,surprise
4653.jpg,surprise
4654.jpg,happy
4655.jpg,contempt
4656.jpg,anger
4657.jpg,uncertain
4658.jpg,neutral
4659.jpg,anger
4660.jpg,neutral
4661.jpg,fear
4662.jpg,surprise
4663.jpg,sad
4664.jpg,sad
4665.jpg,anger
4666.jpg,neutral
4667.jpg,neutral
4668.jpg,surprise
4669.jpg,surprise
4670.jpg,happy
4671.jpg,anger
4672.jpg,disgust
4673.jpg,happy
4674.jpg,sad
4675.jpg,disgust
4676.jpg,surprise
4677.jpg,happy
4678.jpg,surprise
4679.jpg,fear
4680.jpg,neutral
4681.jpg,anger
4682.jpg,neutral
4683.jpg,neutral
4684.jpg,sad
4685.jpg,neutral
4686.jpg,surprise
4687.jpg,anger
4688.jpg,surprise
4689.jpg,surprise
4690.jpg,surprise
4691.jpg,anger
4692.jpg,anger
4693.jpg,neutral
4694.jpg,sad
4695.jpg,sad
4696.jpg,surprise
4697.jpg,surprise
4698.jpg,neutral
4699.jpg,happy
4700.jpg,sad
4701.jpg,surprise
4702.jpg,happy
4703.jpg,anger
4704.jpg,sad
4705.jpg,sad
4706.jpg,fear
4707.jpg,contempt
4708.jpg,contempt
4709.jpg,disgust
4710.jpg,neutral
4711.jpg,neutral
4712.jpg,neutral
4713.jpg,anger
4714.jpg,anger
4715.jpg,surprise
4716.jpg,anger
4717.jpg,sad
4718.jpg,neutral
4719.jpg,fear
4720.jpg,neutral
4721.jpg,uncertain
4722.jpg,neutral
4723.jpg,neutral
4724.jpg,happy
4725.jpg,disgust
4726.jpg,neutral
4727.jpg,anger
4728.jpg,disgust
4729.jpg,contempt
4730.jpg,anger
4731.jpg,uncertain
4732.jpg,contempt
4733.jpg,anger
4734.jpg,anger
4735.jpg,happy
4736.jpg,anger
4737.jpg,uncertain
4738.jpg,happy
4739.jpg,anger
4740.jpg,contempt
4741.jpg,surprise
4742.jpg,surprise
4743.jpg,uncertain
4744.jpg,contempt
4745.jpg,sad
4746.jpg,anger
4747.jpg,anger
4748.jpg,surprise
4749.jpg,anger
4750.jpg,surprise
4751.jpg,uncertain
4752.jpg,uncertain
4753.jpg,neutral
4754.jpg,surprise
4755.jpg,contempt
4756.jpg,sad
4757.jpg,sad
4758.jpg,neutral
4759.jpg,anger
4760.jpg,surprise
4761.jpg,sad
4762.jpg,happy
4763.jpg,anger
4764.jpg,neutral
4765.jpg,happy
4766.jpg,fear
4767.jpg,happy
4768.jpg,fear
4769.jpg,fear
4770.jpg,fear
4771.jpg,anger
4772.jpg,neutral
4773.jpg,surprise
4774.jpg,sad
4775.jpg,neutral
4776.jpg,uncertain
4777.jpg,uncertain
4778.jpg,happy
4779.jpg,neutral
4780.jpg,sad
4781.jpg,happy
4782.jpg,neutral
4783.jpg,contempt
4784.jpg,anger
4785.jpg,sad
4786.jpg,happy
4787.jpg,sad
4788.jpg,sad
4789.jpg,neutral
4790.jpg,contempt
4791.jpg,disgust
4792.jpg,surprise
4793.jpg,surprise
4794.jpg,surprise
4795.jpg,anger
4796.jpg,uncertain
4797.jpg,happy
4798.jpg,sad
4799.jpg,neutral
4800.jpg,neutral
4801.jpg,happy
4802.jpg,anger
4803.jpg,sad
4804.jpg,sad
4805.jpg,happy
4806.jpg,neutral
4807.jpg,anger
4808.jpg,uncertain
4809.jpg,neutral
4810.jpg,uncertain
4811.jpg,sad
4812.jpg,surprise
4813.jpg,neutral
4814.jpg,sad
4815.jpg,anger
4816.jpg,happy
4817.jpg,happy
4818.jpg,contempt
4819.jpg,neutral
4820.jpg,happy
4821.jpg,neutral
4822.jpg,happy
4823.jpg,sad
4824.jpg,anger
4825.jpg,anger
4826.jpg,anger
4827.jpg,sad
4828.jpg,fear
4829.jpg,uncertain
4830.jpg,fear
4831.jpg,sad
4832.jpg,happy
4833.jpg,happy
4834.jpg,surprise
4835.jpg,happy
4836.jpg,anger
4837.jpg,happy
4838.jpg,anger
4839.jpg,anger
4840.jpg,uncertain
4841.jpg,neutral
4842.jpg,sad
4843.jpg,sad
4844.jpg,sad
4845.jpg,happy
4846.jpg,sad
4847.jpg,sad
4848.jpg,happy
4849.jpg,sad
4850.jpg,sad
4851.jpg,happy
4852.jpg,anger
4853.jpg,neutral
4854.jpg,neutral
4855.jpg,surprise
4856.jpg,uncertain
4857.jpg,anger
4858.jpg,sad
4859.jpg,neutral
4860.jpg,uncertain
4861.jpg,anger
4862.jpg,contempt
4863.jpg,anger
4864.jpg,happy
4865.jpg,fear
4866.jpg,surprise
4867.jpg,surprise
4868.jpg,neutral
4869.jpg,sad
4870.jpg,neutral
4871.jpg,anger
4872.jpg,fear
4873.jpg,surprise
4874.jpg,anger
4875.jpg,sad
4876.jpg,neutral
4877.jpg,fear
4878.jpg,neutral
4879.jpg,surprise
4880.jpg,neutral
4881.jpg,anger
4882.jpg,surprise
4883.jpg,uncertain
4884.jpg,anger
4885.jpg,neutral
4886.jpg,surprise
4887.jpg,fear
4888.jpg,anger
4889.jpg,surprise
4890.jpg,anger
4891.jpg,disgust
4892.jpg,anger
4893.jpg,contempt
4894.jpg,surprise
4895.jpg,anger
4896.jpg,sad
4897.jpg,neutral
4898.jpg,neutral
4899.jpg,contempt
4900.jpg,sad
4901.jpg,neutral
4902.jpg,uncertain
4903.jpg,sad
4904.jpg,happy
4905.jpg,disgust
4906.jpg,surprise
4907.jpg,neutral
4908.jpg,disgust
4909.jpg,disgust
4910.jpg,fear
4911.jpg,disgust
4912.jpg,fear
4913.jpg,anger
4914.jpg,happy
4915.jpg,anger
4916.jpg,uncertain
4917.jpg,surprise
4918.jpg,happy
4919.jpg,anger
4920.jpg,disgust
4921.jpg,neutral
4922.jpg,happy
4923.jpg,surprise
4924.jpg,sad
4925.jpg,anger
4926.jpg,anger
4927.jpg,contempt
4928.jpg,anger
4929.jpg,surprise
4930.jpg,uncertain
4931.jpg,sad
4932.jpg,uncertain
4933.jpg,neutral
4934.jpg,happy
4935.jpg,surprise
4936.jpg,anger
4937.jpg,uncertain
4938.jpg,sad
4939.jpg,happy
4940.jpg,surprise
4941.jpg,neutral
4942.jpg,neutral
4943.jpg,sad
4944.jpg,surprise
4945.jpg,surprise
4946.jpg,happy
4947.jpg,fear
4948.jpg,contempt
4949.jpg,fear
4950.jpg,anger
4951.jpg,surprise
4952.jpg,fear
4953.jpg,surprise
4954.jpg,anger
4955.jpg,uncertain
4956.jpg,happy
4957.jpg,anger
4958.jpg,anger
4959.jpg,contempt
4960.jpg,anger
4961.jpg,neutral
4962.jpg,surprise
4963.jpg,disgust
4964.jpg,anger
4965.jpg,neutral
4966.jpg,contempt
4967.jpg,fear
4968.jpg,anger
4969.jpg,happy
4970.jpg,happy
4971.jpg,uncertain
4972.jpg,uncertain
4973.jpg,anger
4974.jpg,happy
4975.jpg,happy
4976.jpg,happy
4977.jpg,happy
4978.jpg,surprise
4979.jpg,happy
4980.jpg,anger
4981.jpg,anger
4982.jpg,anger
4983.jpg,surprise
4984.jpg,neutral
4985.jpg,anger
4986.jpg,contempt
4987.jpg,sad
4988.jpg,surprise
4989.jpg,neutral
4990.jpg,fear
4991.jpg,anger
4992.jpg,neutral
4993.jpg,sad
4994.jpg,sad
4995.jpg,surprise
4996.jpg,anger
4997.jpg,neutral
4998.jpg,sad
4999.jpg,happy
